Ticker,AAPL34.SA,ABEV3.SA,AMZO34.SA,ATTB34.SA,B1CS34.SA,BBAS3.SA,BBDC4.SA,BBSE3.SA,BCFF11.SA,BERK34.SA,BOAC34.SA,BOVA11.SA,BPAC11.SA,BRCR11.SA,COCA34.SA,CPFE3.SA,CPTS11.SA,DISB34.SA,EGIE3.SA,ELET3.SA,GOGL34.SA,GSGI34.SA,HCTR11.SA,HGLG11.SA,HGRE11.SA,HSML11.SA,HUSC11.SA,ITLC34.SA,ITSA4.SA,ITUB4.SA,JHSF3.SA,JNJB34.SA,JPMC34.SA,KLBN11.SA,KNCR11.SA,LREN3.SA,M1TA34.SA,MCDC34.SA,MELI34.SA,MGLU3.SA,MSCD34.SA,MSFT34.SA,NEOE3.SA,NFLX34.SA,NIKE34.SA,NVDC34.SA,NVHO11.SA,ORCL34.SA,PEPB34.SA,PETR4.SA,PFIZ34.SA,PRIO3.SA,PYPL34.SA,SANB11.SA,SBUB34.SA,STBP3.SA,SUZB3.SA,TOTS3.SA,TSLA34.SA,VALE3.SA,VILG11.SA,VISA34.SA,VISC11.SA,WEGE3.SA,ZAMP3.SA
AAPL34.SA,0.00035716335091365536,-2.5533302337643956e-06,0.00028829734432674623,8.902469698048368e-05,6.729959498928944e-05,-3.652227919847893e-05,-9.209216641717187e-06,-1.8690298268968774e-05,9.745084885888971e-07,0.00012258991624902025,0.00010571829922126752,-6.343819290379059e-06,-1.3561097639615735e-05,-2.978213412115143e-06,0.00010010373048519913,-5.043713092544346e-05,-5.6478596613052485e-06,0.000149362902872874,-1.5587378741999007e-05,-5.932504444826546e-05,0.00025542920899641647,0.00011115962890570822,1.1795243725810765e-05,4.300863192386901e-06,1.128225020352512e-05,1.2867294663475265e-06,2.0803721727615152e-05,0.00021186080049107135,-2.219164919089302e-05,-1.2494473829301685e-05,-5.50754136522795e-05,9.718326846695705e-05,0.00012148033279807889,4.150091158043228e-05,-5.245087176723012e-06,-4.637437443567918e-05,0.0002877213751998588,0.00011959084991702105,0.0002718384170859514,-5.588639214585628e-06,0.0001806647334082765,0.00026023703193876594,-2.549762645584831e-05,0.00026047405875203965,0.00020186546293329453,0.0003461129714211931,-1.4134867121486353e-05,0.00015987334743349004,0.00010659424572373207,-3.5141150534562945e-05,9.341614005143455e-05,-1.6097212075824812e-05,0.00024929715352676416,-2.141979151950727e-05,0.0001592873653591298,-5.490352583966469e-05,7.537137654414762e-05,3.253233459385572e-05,0.0003324810308386715,4.856249113743345e-07,-7.271005924581637e-06,0.00017842920954551388,-4.597222344558072e-07,2.173981617686218e-05,-4.2541553569431896e-05
ABEV3.SA,-2.5533302337643956e-06,0.0002840268317662729,-1.080743515152597e-06,-2.1586445673004228e-05,4.900978967708752e-05,0.00013310833824843558,0.00015338234267921574,8.82369634317154e-05,1.47868804921514e-05,-1.638366712568668e-05,1.781031609848951e-05,0.00011555352470273984,0.0001546560525608737,2.176550170193023e-05,-1.5302770923084366e-06,8.450215922926839e-05,1.5445436074045494e-05,6.0971363439191864e-06,6.99311560723315e-05,0.00014090148961126163,-9.143126021975987e-06,1.7173978705348508e-05,-1.3757961648701722e-05,6.689184181171384e-06,-4.74790913539521e-06,7.547250656679941e-06,1.6170407414296997e-05,-4.268232033034728e-06,0.00013437571985657794,0.0001461120497370763,0.0001598501078673385,-1.5000780268047824e-05,1.3506549362808185e-05,2.3125455224083045e-05,6.096011709508319e-07,0.00017269670948758567,1.0479831531870847e-05,-1.4835648849711581e-05,5.472483700076812e-05,0.0001617651846338702,-1.5325694844992615e-06,-5.719745285922981e-06,8.462082370789199e-05,-2.9985942654995766e-07,-1.1781108975443223e-05,2.1703250820953646e-05,9.896269382919276e-06,-6.651505183610639e-06,-2.675707783930606e-06,0.00012286348550677264,-2.8256633828622442e-05,5.4087542783033125e-05,2.1188860198259808e-05,0.00015170821403665634,1.3888998806475936e-05,0.00012030890617263153,1.538823785166818e-05,0.00012569276485952576,4.559629979602676e-05,3.1329050694718115e-05,6.510079640851291e-06,-2.0995734868537283e-05,7.160623931780952e-06,0.00010312836269636611,0.00013577046563432275
AMZO34.SA,0.00028829734432674623,-1.080743515152597e-06,0.0006168666548393253,8.715673197089286e-05,6.74389042189084e-05,-4.638505917752469e-05,-1.842711212267765e-05,-2.3234893451085706e-05,1.8745637021168682e-06,0.00012366442353844948,0.00012809871236875203,6.766898445797074e-06,1.385457069161716e-05,-3.180458385813927e-06,8.43113033566868e-05,-5.200270021604995e-05,-4.838435383053034e-06,0.00020208636272980496,-1.8042034560540947e-05,-5.6271120778024426e-05,0.00032966023292963935,0.00012521508227321867,4.697416432275056e-06,-4.962051052431404e-07,1.958478949938978e-05,-7.793383175118534e-07,3.3533089161543856e-05,0.000253662261975415,-2.3658592615873423e-05,-1.7388154505607764e-05,-1.7478301454434766e-05,7.204299481629524e-05,0.00012478536868105387,3.693267407764753e-05,2.8771173852210275e-06,-1.3281873166209755e-05,0.0004272925542639794,9.969676828596526e-05,0.00043521312022502204,1.1886932671205591e-05,0.00020379996424249526,0.00030751250139220593,-2.6756526823096374e-05,0.00035524908267693217,0.00025199223946681203,0.0004215171689704658,9.430819268932463e-06,0.00015215309835435445,0.00010203614481389614,-6.573106439608678e-05,8.490524198027019e-05,-9.163810147632082e-06,0.0002911823616460036,-2.4271532444718115e-05,0.0001977692067245216,-6.1426304589690536e-06,6.374365070630549e-05,7.820678535918729e-05,0.00038074632217234165,2.903737670666741e-05,-5.620157276893064e-06,0.00018114888115499606,-3.4986655728948028e-06,3.96107449064662e-05,-1.0058134972892381e-05
ATTB34.SA,8.902469698048368e-05,-2.1586445673004228e-05,8.715673197089286e-05,0.0003456341509438112,7.48800267729564e-05,-3.574145519044444e-05,-2.301699976096959e-05,-2.9452076607677787e-05,-5.081181290001411e-06,0.00010640297939908786,0.00014011189353303681,-3.199579405902901e-05,-8.974707681276678e-05,-7.91400778816982e-06,0.00010634748225779025,-5.8162126677186925e-05,-4.31468451456798e-06,0.0001233016270216203,-3.631190186648274e-05,-5.6887303886488394e-05,8.332395814641602e-05,0.00012030887017446184,-9.286389531489913e-06,-1.883953100038791e-06,-6.46160587470629e-06,-4.6487582158874635e-06,3.302665129087986e-06,0.00012429160687708098,-2.4864302954625905e-05,-1.6884755177265264e-05,-7.800587675702597e-05,0.00010519363165115863,0.00013413328502439635,7.60206272334743e-06,8.352441972467102e-06,-7.722647867329071e-05,8.555266051099125e-05,9.620999831267088e-05,2.7160509630552325e-05,-0.00010740959257464474,9.764708841477287e-05,8.100774316643974e-05,-4.4069045676714846e-05,9.356392844814841e-05,0.00010688699790173612,4.318856056087472e-05,-2.421830430899867e-05,9.10092562171019e-05,8.871499297692907e-05,-3.7456849453253636e-05,0.00011325192923924228,-2.790165491341838e-05,6.506464550443586e-05,-1.5519907003682597e-05,7.422743569303354e-05,-0.00010734355562885413,3.111380344104977e-05,-8.493514573468562e-05,5.9913806887854676e-05,1.3256492608917384e-05,-1.613634207300895e-05,0.00011255429030838744,1.5444642215063134e-06,-2.1756143304273558e-05,-7.907165344086856e-05
B1CS34.SA,6.729959498928944e-05,4.900978967708752e-05,6.74389042189084e-05,7.48800267729564e-05,0.0006354211285720709,4.42762996879395e-05,8.300001340536892e-05,1.598010245626688e-05,1.586128226861625e-05,0.00010612667687653167,0.0002162185727883507,4.1693308045384626e-05,5.582607493331223e-05,1.5961533173510765e-06,4.7550081871345787e-05,-2.1512374802531527e-05,-2.6482842198111172e-05,0.0001325691149044593,-1.4050286904788304e-05,3.070303487377951e-05,8.097744308889941e-05,0.00017695190914446921,-1.3114176151045148e-05,5.824177469884793e-06,5.596650766529126e-06,-1.4159231222482914e-05,-3.376648440148846e-05,9.684997064019957e-05,5.737127274205766e-05,7.101921072522174e-05,5.6805531689505216e-06,3.507881339316055e-05,0.00018572128186305673,4.868977382548607e-05,4.345544569008659e-06,5.554643980037293e-05,7.854255880022558e-05,5.426460324776534e-05,7.135331113635394e-05,4.425357315952096e-05,0.0001225943223253802,5.0709892588424266e-05,2.120843775098784e-05,8.872898361882281e-05,9.511848818032084e-05,0.0001227976478488354,-2.7785635419181623e-05,9.30900538762866e-05,3.5653554724435006e-05,4.386509434432974e-05,4.3754141933513934e-05,0.00011167534970375428,0.00011702395999027692,8.503602034101577e-05,0.00011484044424350658,-4.633623136852663e-06,5.8325185628062605e-05,1.8515751048051585e-05,0.00014091852494655025,6.489990569955954e-05,-1.366085611356472e-07,0.00010488265987417545,-4.325129191050083e-06,-1.0053504338591394e-05,-9.02373517677994e-06
BBAS3.SA,-3.652227919847893e-05,0.00013310833824843558,-4.638505917752469e-05,-3.574145519044444e-05,4.42762996879395e-05,0.00036615836757120324,0.00024188419040581114,0.0001162030879177531,3.808781663204781e-05,-3.573281699462844e-05,1.8717297621963638e-05,0.00016908661874705198,0.00020946955187532785,2.7897541198786355e-05,-3.970370900674974e-05,0.00012053773684108507,3.5590831793529626e-05,-1.33753405411224e-05,8.499194696085465e-05,0.0001988575881521413,-3.747376000895245e-05,9.8749201829615e-07,8.761574557439057e-06,1.4299687873772225e-05,1.3272073187625174e-05,1.437109291649323e-05,1.5333968103880448e-05,-3.801109316433256e-05,0.00020840390171807514,0.0002326513719245802,0.00020871003193787904,-6.74687227251061e-05,5.561368569089706e-06,2.7818373912276755e-05,9.432975326675598e-06,0.0002171134288684223,-2.73502244397339e-05,-4.53824176754363e-05,7.072596816472923e-06,0.00021160115640200073,-2.509958631680938e-05,-5.34186258243054e-05,0.0001072129789621543,-3.1890847831007726e-05,-3.743707134874866e-05,-3.067354772433659e-05,1.3505967211281583e-05,-2.9330139839667673e-05,-5.8540628736616974e-05,0.0002732173699053034,-5.3997417983106336e-05,0.00012123517862443869,-4.631859869052635e-05,0.00021680555126021554,-7.978061317936852e-06,0.00015963450116886533,3.219675746321564e-06,0.00012615495225547736,6.2697221157794195e-06,8.071478033820947e-05,5.1557554746498436e-06,-2.2362424452889035e-05,2.286569671998642e-05,8.567869721578524e-05,0.00020405142798299463
BBDC4.SA,-9.209216641717187e-06,0.00015338234267921574,-1.842711212267765e-05,-2.301699976096959e-05,8.300001340536892e-05,0.00024188419040581114,0.0004164033735478438,9.352103608554405e-05,2.6902772457528973e-05,-5.119859031889296e-06,5.551497628462976e-05,0.00017806026620689972,0.00022901683118918835,3.003353153783321e-05,-1.9396530501727903e-05,0.00010949077881999565,2.369507791726558e-05,3.905838651109855e-05,8.936895560153371e-05,0.00018707940627110082,-9.717667750475674e-06,3.550512927909029e-05,7.728470811294966e-06,8.231651865865805e-06,1.1637195037727575e-05,9.5302816858031e-06,8.756672189719255e-06,-3.3197090618346827e-06,0.0002491715577837087,0.00029667747458497377,0.0002053900612596551,-4.5212932183916246e-05,2.599352621367557e-05,3.2713919676538345e-05,8.032861177279477e-06,0.00024734200483755647,-4.7226623725716087e-05,-2.6302120246570943e-05,1.7594818148221488e-05,0.0002226481884048617,1.308874916266369e-05,-3.0123253934180435e-05,0.00010828402829479813,-2.9931434213263413e-05,-4.896328408664663e-06,-1.3562273495257056e-05,2.6213452604711015e-05,-2.4602424006140287e-05,-3.442777813364386e-05,0.0002104827590133275,-3.703453936079417e-05,0.00013119560066751529,-1.2345108613219451e-05,0.0002847459629772207,5.508581801673734e-06,0.00015690863793297786,2.0595868011625144e-05,0.00011750189596060729,3.9439734987052366e-05,0.00010152112393159865,8.852811792398554e-06,-9.073140789274577e-07,1.773232041597654e-05,7.896126489495037e-05,0.00021948890168456626
BBSE3.SA,-1.8690298268968774e-05,8.82369634317154e-05,-2.3234893451085706e-05,-2.9452076607677787e-05,1.598010245626688e-05,0.0001162030879177531,9.352103608554405e-05,0.00022151825637247086,1.9219648384797123e-05,-2.8207316779329506e-05,-5.890564118390102e-06,9.037606541939381e-05,0.00012389384577191109,1.0516277236167622e-05,-2.1278101052904402e-05,8.938118754630641e-05,7.146037908520391e-06,-1.155010706181127e-05,7.520814854723178e-05,0.00012646815021370763,-1.024476243889863e-05,-9.173701418050327e-06,-1.7463252775033166e-05,4.8574014969151155e-06,3.0003144388051446e-06,1.0849717158680132e-05,-3.7528811194358966e-06,-3.4628457377338864e-05,9.755782969431565e-05,0.00010504512158926396,0.00011202847258554773,-3.672762421456617e-05,-1.5524318011346083e-05,2.6394337703324995e-05,4.384012802904361e-06,0.00013662905588417772,-1.7425513932388654e-05,-1.6388132388210928e-05,3.826213386073356e-05,0.00011197460527765731,-6.092997336362758e-06,-2.2408086964107678e-05,6.513283596963711e-05,-3.181670738161484e-06,-9.971707623515502e-06,-7.525234999589775e-06,7.39698020456325e-06,-2.973720060788577e-05,-2.3778064551080872e-05,9.874579298026601e-05,-4.481303686470948e-05,7.596955815580696e-05,-2.9054032390325366e-05,0.00011080726549919926,4.44722767609512e-07,0.00012081276166408527,1.0300810709662186e-05,0.00010090257027411621,9.19517342321891e-06,3.890472110691943e-05,-1.8707073107238868e-07,-9.641920501113775e-06,1.5610409390796492e-05,9.060339193038161e-05,0.00013644052423478776
BCFF11.SA,9.745084885888971e-07,1.47868804921514e-05,1.8745637021168682e-06,-5.081181290001411e-06,1.586128226861625e-05,3.808781663204781e-05,2.6902772457528973e-05,1.9219648384797123e-05,0.00023311851054933852,1.696887652543757e-06,-8.930547449738678e-06,2.8918484438690592e-05,3.539020169665858e-05,1.7737106749709248e-05,-1.982130120789804e-06,1.5806668325258068e-05,-3.4790513648295384e-06,8.875192515310431e-06,1.8572138989552907e-05,4.9188974398339986e-05,-2.1784519553911856e-05,1.5615569082697845e-05,-2.3846850666330835e-05,1.5924201383468534e-05,1.4704032524336252e-05,1.610232742528895e-05,1.9539957268909473e-05,1.0194839943052956e-06,3.17221436640551e-05,3.154836691258189e-05,4.087893571535259e-05,-5.163659226519957e-07,-2.2228721148281375e-06,1.2073767083073238e-05,5.659170502548299e-06,2.5305561254483555e-05,1.8450980159371873e-05,-7.94505773906407e-06,-6.840515634163758e-06,3.713736786574164e-05,4.8246571417900564e-06,-1.2451928962780833e-05,2.457177200700668e-05,-1.4189129455176616e-06,2.7345823911524704e-06,-2.0499338697601332e-05,8.770846181855853e-06,-1.93832994163324e-06,-2.1976105948696754e-06,3.803824235463161e-05,-4.684105566324243e-06,3.9238839946184836e-05,-1.4259163965242056e-05,2.5734301300585472e-05,5.230629824258857e-06,2.4556685098722e-05,1.341054919631816e-05,3.313734193283665e-05,3.88003413670262e-06,9.838677307848036e-06,2.72623410081536e-05,4.415331686436852e-06,2.6374821220942494e-05,2.062004276749534e-05,2.710864638939371e-05
BERK34.SA,0.00012258991624902025,-1.638366712568668e-05,0.00012366442353844948,0.00010640297939908786,0.00010612667687653167,-3.573281699462844e-05,-5.119859031889296e-06,-2.8207316779329506e-05,1.696887652543757e-06,0.0002015977689881602,0.000165103914709028,-2.6459977715888375e-05,-6.91075251859362e-05,-1.001011173625602e-05,0.00011737016305607354,-6.0112700788315835e-05,-1.1116702858269165e-05,0.00014700129858894002,-3.575803709021605e-05,-6.0659895071404096e-05,0.00013229884513318206,0.00014733105520005685,-1.0918342181633888e-05,-3.515449650088178e-06,-2.920052859814367e-06,-7.845302336288722e-06,9.409597993718844e-06,0.0001407327199894772,-1.9462915135632012e-05,-4.5521387850552735e-06,-7.46295338441055e-05,0.00011733102967490661,0.0001690234632965635,1.6192650616625788e-05,3.968534358958495e-07,-7.67410326152609e-05,0.00012121153308727566,0.00011195865478488627,7.241671631260479e-05,-0.00010907951336838718,0.00015232931612873694,0.00012741116196342262,-3.6230155384189636e-05,0.0001133647161883341,0.0001436692681826007,0.00012555546488954395,-2.655037583696294e-05,0.00012748195914154907,9.6903884666338e-05,-3.235695379153563e-05,0.00011120577110831734,-7.11220798111409e-07,0.00013555045364108955,-2.3678947205080933e-06,0.00011906772936692053,-9.205240186751173e-05,3.6452072812446294e-05,-6.696673940306756e-05,8.963715052464e-05,2.3372190500480627e-05,-2.355498513889822e-06,0.00014141611239372362,-1.7059474727400195e-06,-3.67937138218849e-05,-7.326766307280084e-05
BOAC34.SA,0.00010571829922126752,1.781031609848951e-05,0.00012809871236875203,0.00014011189353303681,0.0002162185727883507,1.8717297621963638e-05,5.551497628462976e-05,-5.890564118390102e-06,-8.930547449738678e-06,0.000165103914709028,0.00042053704117466916,1.9071877056703116e-05,-1.0724151255354339e-05,1.1333765321846106e-06,0.0001094071264208089,-5.023040891527928e-05,-1.7051179393638592e-05,0.00021076966764153738,-3.31347273515122e-05,-3.239512568430807e-05,0.00013425165159941676,0.0002820885825377831,5.20532011074082e-06,-5.031432426012642e-06,7.671942992158384e-06,3.651186688430501e-06,-2.3225296539985126e-06,0.0001622407740288272,3.589526314357738e-05,5.1133157850156536e-05,-8.52216538200725e-06,9.824931638237868e-05,0.00031534670669518754,4.8423759588155965e-05,-1.5725203735283634e-06,8.640811198568245e-06,0.0001342707639277231,0.00011356271830481825,0.0001433035333629882,-4.145817384891117e-05,0.00018623637270405387,0.00011377011909983933,-2.1145447401242832e-05,0.00015636992531221534,0.0001676096826081882,0.0001775097969173286,-3.006400015584745e-05,0.00012037261555359135,8.835356739746836e-05,3.2554872037384035e-05,0.00011582277465499987,7.439032429588367e-05,0.00014370826786099482,6.158930555654118e-05,0.00015071096776712403,-4.659868859439896e-05,6.511050070307203e-05,-2.7189453718366433e-05,0.0001742182464723295,6.147596061320441e-05,-1.0844821653302847e-05,0.00016904759093162134,-5.14285001934085e-06,6.82801484778776e-07,2.7950137079632922e-06
BOVA11.SA,-6.343819290379059e-06,0.00011555352470273984,6.766898445797074e-06,-3.199579405902901e-05,4.1693308045384626e-05,0.00016908661874705198,0.00017806026620689972,9.037606541939381e-05,2.8918484438690592e-05,-2.6459977715888375e-05,1.9071877056703116e-05,0.00017151730535830311,0.0002173034969300241,2.8816515009050295e-05,-3.320238254668296e-05,0.00010744571635327382,5.926921299378752e-06,3.369301146669346e-06,7.871863082645452e-05,0.00017338570931949623,2.9731847873471625e-06,1.3010554257474985e-05,7.456353105788759e-06,1.354533181401363e-05,7.3163899457005126e-06,1.2539454964302146e-05,2.1714649672786833e-05,2.539398616841675e-06,0.0001559000662642843,0.00016847325694128646,0.00020988340463890825,-5.737841520932445e-05,-4.360124505471243e-06,6.451843564104275e-05,5.756851649713936e-06,0.00022358717210191377,5.983881848215885e-06,-3.4055471582073696e-05,9.837916036138169e-05,0.00028303359768959733,-6.578398545243514e-07,-1.2039444987106104e-05,9.708462419151521e-05,9.558350582313214e-06,-6.021568105918689e-06,4.1641873774348547e-05,2.2652177863732148e-05,-1.9164702559339184e-05,-3.955575963838564e-05,0.00020568980780539782,-4.713138286348843e-05,0.00017337467579197008,2.0585146127729817e-05,0.00015766835481404592,3.953394109950079e-06,0.00018035072220535476,5.492741885660798e-05,0.00017704580784352452,6.178194256188681e-05,0.00013927467612785284,1.0929831795230106e-05,-1.0620865081245321e-05,1.4280809642271294e-05,0.00013037474631341316,0.000203868522876279
BPAC11.SA,-1.3561097639615735e-05,0.0001546560525608737,1.385457069161716e-05,-8.974707681276678e-05,5.582607493331223e-05,0.00020946955187532785,0.00022901683118918835,0.00012389384577191109,3.539020169665858e-05,-6.91075251859362e-05,-1.0724151255354339e-05,0.0002173034969300241,0.0006352365084882414,3.640125945859411e-05,-6.291272724906695e-05,0.00017960674232250432,2.4102645819657186e-05,-5.845965269895665e-06,0.00012736365310457204,0.0002492432230327727,-3.5388997459037176e-06,-4.571135085707276e-06,1.046347886886437e-05,2.0195494526636305e-05,2.0462666390034725e-05,2.0489853142325032e-05,1.0961203388795178e-05,-2.9840627873428294e-05,0.00020707082056051036,0.0002092284222960212,0.0003789226149055234,-9.665777909845892e-05,-4.0999089811559636e-05,6.327281942204259e-05,1.1029813163745222e-05,0.0003833666584109934,2.5052290384367055e-05,-5.0182685202292165e-05,0.00018980184314168442,0.00046787332415579357,-7.078918801912921e-06,1.31527811233297e-06,0.00016469348665589922,3.637067800702635e-05,-1.2543050593915003e-05,8.618041713398847e-05,2.0273047446270685e-05,-2.581792265478032e-05,-5.640994516759665e-05,0.00016644893373200489,-9.665994625854958e-05,0.00018145260646999583,7.340826736980471e-05,0.00022029223165423114,1.6990468328175423e-05,0.0003258131331873028,3.41777731968149e-05,0.00034163958256647176,0.00010944010065976215,8.123986054278305e-05,1.976518462952848e-05,-2.844810376390761e-05,1.462927093347547e-05,0.00019950900667357226,0.00036228647815112635
BRCR11.SA,-2.978213412115143e-06,2.176550170193023e-05,-3.180458385813927e-06,-7.91400778816982e-06,1.5961533173510765e-06,2.7897541198786355e-05,3.003353153783321e-05,1.0516277236167622e-05,1.7737106749709248e-05,-1.001011173625602e-05,1.1333765321846106e-06,2.8816515009050295e-05,3.640125945859411e-05,0.00011077351452577662,-1.0175675458917284e-05,2.228365510466293e-05,-7.780114232474124e-06,5.099478699727284e-06,1.236357136504079e-05,2.9111759541851268e-05,-4.059260818743857e-06,2.2511307279462177e-06,1.3614089884022185e-05,1.0706634096718208e-05,2.00965839686447e-05,2.2554522750300832e-05,1.997076379240373e-05,3.320679166121847e-06,2.5379342936448545e-05,2.6971626782444465e-05,4.8624341565774166e-05,-9.424268317437162e-06,-6.34957569721043e-06,1.6780436394883133e-05,7.665705341545703e-06,5.244318904162484e-05,-5.729191914660203e-06,-4.891931474819543e-06,1.0255968020573613e-05,8.750950409549934e-05,-4.748574042515938e-06,-5.016212547250598e-06,2.2896021203391045e-05,-1.0314188735277176e-05,-1.0911796804498158e-05,-1.4686082165155413e-05,1.3595323493957126e-05,-5.263838781113008e-06,-8.035757768455967e-06,2.353598964886487e-05,-9.026527377903786e-06,2.140166821532313e-05,6.549988231647668e-06,2.231776670476563e-05,1.9104091512226767e-06,4.18636464776943e-05,6.128186103733986e-06,3.4332767793969844e-05,4.013306111611719e-06,1.6055125571170837e-05,2.503901159529925e-05,-4.163893090165089e-06,2.7790416673322635e-05,2.591491636087751e-05,4.653219676209423e-05
COCA34.SA,0.00010010373048519913,-1.5302770923084366e-06,8.43113033566868e-05,0.00010634748225779025,4.7550081871345787e-05,-3.970370900674974e-05,-1.9396530501727903e-05,-2.1278101052904402e-05,-1.982130120789804e-06,0.00011737016305607354,0.0001094071264208089,-3.320238254668296e-05,-6.291272724906695e-05,-1.0175675458917284e-05,0.0002008155905377567,-4.574206193321805e-05,6.790690749262042e-06,0.00011200571417702951,-2.3210116109120446e-05,-5.105017562810182e-05,8.890256456513326e-05,8.392108453210839e-05,-6.7742511258927195e-06,-7.861465640615058e-07,6.639368639769856e-07,-1.088531828435504e-06,1.0076467516091829e-05,9.461092584585262e-05,-3.356490027634642e-05,-2.50795991140886e-05,-6.29653995894224e-05,0.00011982340891420724,0.00011247980799221929,1.0148128337199099e-05,-2.800801678285854e-06,-6.422383550773326e-05,7.976235037085262e-05,0.00011829651850702244,1.6872806587784756e-05,-9.791388933072143e-05,0.00010969619355625246,0.00010056081458223605,-2.9110844476940823e-05,7.422975137547491e-05,0.00010958332947733177,5.560777534582917e-05,-2.2943121457155436e-05,8.425900000735941e-05,0.0001331210721904413,-4.499945961916411e-05,9.794626411086945e-05,-2.611434281598093e-05,6.248324258594248e-05,-1.9673888922264335e-05,9.261908004028563e-05,-9.187699695934894e-05,2.8201629579603162e-05,-6.477537547897074e-05,4.978641089986283e-05,-1.5946159135682658e-05,-7.988325197457755e-08,0.00011309043279335004,-2.497014973783654e-06,-3.354601666661725e-05,-6.435205407042607e-05
CPFE3.SA,-5.043713092544346e-05,8.450215922926839e-05,-5.200270021604995e-05,-5.8162126677186925e-05,-2.1512374802531527e-05,0.00012053773684108507,0.00010949077881999565,8.938118754630641e-05,1.5806668325258068e-05,-6.0112700788315835e-05,-5.023040891527928e-05,0.00010744571635327382,0.00017960674232250432,2.228365510466293e-05,-4.574206193321805e-05,0.0002841505968642435,8.797999942456111e-06,-5.328268585333267e-05,0.00011872780380081542,0.00018557459751630822,-5.6327618899262356e-05,-5.198538192320589e-05,9.19589660601939e-07,1.0513033335588847e-05,1.57440872861619e-05,1.0365266892558292e-05,-1.0747208237061325e-05,-5.322320995187527e-05,0.0001038205398682903,0.0001041952412509767,0.00019320660945090006,-5.579156357221032e-05,-6.069645139945158e-05,2.722817529192994e-05,2.208135407898313e-06,0.00019696054069274883,-5.6558192943928625e-05,-4.610064841221e-05,2.3037364344083044e-05,0.0002244008517417844,-5.659292857348148e-05,-5.599324342114911e-05,0.00014791394664372291,-3.593123076762491e-05,-6.0499441772057946e-05,-4.0957264334648484e-05,1.2703818409005628e-05,-5.482815307864232e-05,-3.873158012802267e-05,9.687045389225367e-05,-5.797824038683193e-05,6.721243745177293e-05,-4.139501839269244e-05,0.00010320275505645049,-4.488669668900876e-05,0.0001579985328046437,3.6836705044917506e-06,0.00014858591236957793,-4.587214647199608e-05,9.102811490052139e-06,5.789191633341459e-06,-6.339170982838661e-05,7.064481120157798e-06,9.447178021953867e-05,0.00014581597760649525
CPTS11.SA,-5.6478596613052485e-06,1.5445436074045494e-05,-4.838435383053034e-06,-4.31468451456798e-06,-2.6482842198111172e-05,3.5590831793529626e-05,2.369507791726558e-05,7.146037908520391e-06,-3.4790513648295384e-06,-1.1116702858269165e-05,-1.7051179393638592e-05,5.926921299378752e-06,2.4102645819657186e-05,-7.780114232474124e-06,6.790690749262042e-06,8.797999942456111e-06,0.00048678382316881633,-1.2835305077307343e-05,2.8619535836278975e-05,2.5258382940629335e-05,4.25079405401426e-06,-1.7608531766882662e-05,8.438972285365971e-06,-2.0957431942393477e-06,6.672495414013801e-06,3.257242793418382e-06,-2.6579804985710415e-05,-4.966103804797769e-06,1.999630830655493e-05,2.507922120743446e-05,2.4113806928122406e-05,1.2018276570767996e-05,-1.5736060062244716e-06,-2.033819270177752e-05,2.8394069955461668e-06,9.773987269373997e-06,1.1341844023071339e-05,-4.354496245743467e-06,-1.1463533357303552e-05,-6.697983393495498e-05,-4.2003867094527e-06,-2.5743799104652346e-06,5.288355169835989e-06,5.542588860908601e-06,-4.136895479357828e-06,-4.69577937649909e-05,-7.287096004995563e-06,-2.187721905774316e-05,-8.498604643523445e-07,3.221932892237664e-05,2.2318324603349405e-06,-2.069510069352267e-05,-2.7002041255020118e-05,2.501764288083708e-05,-1.6333022549377317e-05,2.161217344876564e-05,-1.149370181147678e-05,-1.1915836669332467e-06,-4.6564350556686344e-05,-2.80797414199423e-06,1.445406705969458e-05,-9.39607247974122e-06,3.762235291970961e-07,-1.1275826832289118e-05,-2.6195689560393966e-05
DISB34.SA,0.000149362902872874,6.0971363439191864e-06,0.00020208636272980496,0.0001233016270216203,0.0001325691149044593,-1.33753405411224e-05,3.905838651109855e-05,-1.155010706181127e-05,8.875192515310431e-06,0.00014700129858894002,0.00021076966764153738,3.369301146669346e-06,-5.845965269895665e-06,5.099478699727284e-06,0.00011200571417702951,-5.328268585333267e-05,-1.2835305077307343e-05,0.000471866831897832,-2.1689136598823566e-05,-1.0827513351693018e-05,0.00017477515404842528,0.0001820834497541737,1.2503652193713048e-05,-4.605819417847126e-06,8.688618852923165e-06,2.4520612145414784e-06,-5.1818702747954815e-06,0.000177047701598392,5.362949061502729e-06,1.4949671927713336e-05,-1.6327608247456777e-05,8.743454890882022e-05,0.00019356133707977205,2.2335739874393125e-05,5.7832819649914635e-06,3.1170112287512155e-05,0.00021856690717976402,0.00010972403789944095,0.00023760874871703555,-6.73379071009318e-06,0.00020953959470040455,0.0001708075632255647,-1.6080000298417932e-05,0.0002436190162373015,0.0001964393561565381,0.00024672786879734496,-1.0972858694403251e-05,0.00012594553047325717,9.349769481780903e-05,-1.7321224388848704e-05,9.270322936730265e-05,1.480000490326912e-05,0.00022568685311234382,2.036094681115893e-05,0.00018134620634698332,-6.03156949118373e-05,3.659926628851556e-05,1.3998431647073704e-06,0.00020712350417499337,3.2517514693132366e-05,1.2650535107519265e-05,0.00018398718714470762,7.178626994209219e-06,-1.7417567823324807e-05,2.75964903416714e-05
EGIE3.SA,-1.5587378741999007e-05,6.99311560723315e-05,-1.8042034560540947e-05,-3.631190186648274e-05,-1.4050286904788304e-05,8.499194696085465e-05,8.936895560153371e-05,7.520814854723178e-05,1.8572138989552907e-05,-3.575803709021605e-05,-3.31347273515122e-05,7.871863082645452e-05,0.00012736365310457204,1.236357136504079e-05,-2.3210116109120446e-05,0.00011872780380081542,2.8619535836278975e-05,-2.1689136598823566e-05,0.0001488443796287692,0.0001289438711931155,-1.588823866113818e-05,-2.609675453667453e-05,8.29716254743669e-06,5.648972583006232e-06,4.49994156058449e-06,7.461101561732661e-06,-2.535583699048332e-07,-2.0123475354252058e-05,8.628028074673124e-05,8.502073188233528e-05,0.0001272722174982557,-3.656744448961639e-05,-3.487312464701137e-05,1.825795072935795e-05,1.573836649373037e-06,0.00014302074278457112,-2.491277625780824e-05,-2.7666146198342392e-05,1.712179789411287e-05,0.00012905477247028584,-2.306879517018644e-05,-1.2322370771948607e-05,9.1358976254073e-05,-2.1774977125328134e-05,-2.5063199263517034e-05,-6.245454795211474e-06,1.0980475304107843e-05,-3.3365339203037007e-05,-2.063813404918005e-05,6.169373666459282e-05,-4.259454571991996e-05,3.6010527503961596e-05,-6.573963179838507e-06,9.283036867238944e-05,-1.6630602533784658e-05,0.00011354762665630993,-1.2248990346527738e-06,0.00010059370716282293,7.178138585617409e-06,1.3035786387174149e-05,1.0137306251099832e-05,-3.327005738947834e-05,1.19819303363171e-06,7.433016690605202e-05,0.00010108828955200097
ELET3.SA,-5.932504444826546e-05,0.00014090148961126163,-5.6271120778024426e-05,-5.6887303886488394e-05,3.070303487377951e-05,0.0001988575881521413,0.00018707940627110082,0.00012646815021370763,4.9188974398339986e-05,-6.0659895071404096e-05,-3.239512568430807e-05,0.00017338570931949623,0.0002492432230327727,2.9111759541851268e-05,-5.105017562810182e-05,0.00018557459751630822,2.5258382940629335e-05,-1.0827513351693018e-05,0.0001289438711931155,0.0005119635061582834,-4.5883377928493934e-05,-2.9989899406502475e-05,1.9775108823975872e-05,1.8204426535186173e-05,1.2937791664388338e-05,1.3040749792092718e-05,-6.189349899330985e-07,-5.1227630499605165e-05,0.00017724643207921414,0.0001807493400090448,0.000272592793063524,-8.09169874907896e-05,-4.088482168057806e-05,2.0031093234335598e-05,7.2847870896304765e-06,0.000301133257451088,-6.0812958698097776e-05,-4.68714633806035e-05,4.6470162780883344e-05,0.00032392592264930144,-2.424820032502765e-05,-5.2981421163307896e-05,0.0001719184933876339,-6.156386398707013e-05,-5.946921939943464e-05,-4.134836470570185e-05,-3.656988790729611e-05,-4.809397450583788e-05,-4.487029552701611e-05,0.000179212346249906,-7.309656348937347e-05,9.736057836550985e-05,-4.00143989763085e-05,0.0001761883873260595,-2.6564704582822416e-05,0.0002515394907697614,-1.2785684221563705e-05,0.0002059230416713047,-3.388568732237134e-05,6.29797131559559e-05,1.039668455695386e-05,-4.603757690530261e-05,1.3152171533723522e-05,0.00014566336704763605,0.00026861717073897544
GOGL34.SA,0.00025542920899641647,-9.143126021975987e-06,0.00032966023292963935,8.332395814641602e-05,8.097744308889941e-05,-3.747376000895245e-05,-9.717667750475674e-06,-1.024476243889863e-05,-2.1784519553911856e-05,0.00013229884513318206,0.00013425165159941676,2.9731847873471625e-06,-3.5388997459037176e-06,-4.059260818743857e-06,8.890256456513326e-05,-5.6327618899262356e-05,4.25079405401426e-06,0.00017477515404842528,-1.588823866113818e-05,-4.5883377928493934e-05,0.00045260974516204267,0.00011867403976477857,2.7362596830339826e-05,-3.0920834461496803e-06,1.1731915596520215e-05,3.052252132271804e-07,8.636719688267338e-06,0.00022249855619319985,-1.7830201013998124e-05,-1.586080852717998e-05,-5.95703639815415e-06,9.308484788601108e-05,0.00013744578718872272,2.7974433192107867e-05,-2.135743744411282e-06,-1.8009091732664216e-05,0.00034390557980152383,0.00011346181891287122,0.00030014876415822213,-5.850568846636985e-07,0.000197447936716409,0.0002990781662003203,-2.362352985483105e-05,0.00028828300137940794,0.00021018816954296302,0.00038589049740600214,3.20978766941859e-06,0.00016613348181773036,0.0001042074076371966,-3.03244084026405e-05,0.00010110869431608972,-1.9382381730325195e-06,0.0002363971287672644,-1.3388817046473938e-05,0.0001715564345195476,-4.167802275558691e-05,5.6143499065838725e-05,4.740661956558164e-05,0.00030019050203137696,2.786263367101924e-05,-4.0024750464371636e-06,0.00018700260571556163,1.3200579002411937e-06,2.0861855230942958e-05,-3.937433871988511e-05
GSGI34.SA,0.00011115962890570822,1.7173978705348508e-05,0.00012521508227321867,0.00012030887017446184,0.00017695190914446921,9.8749201829615e-07,3.550512927909029e-05,-9.173701418050327e-06,1.5615569082697845e-05,0.00014733105520005685,0.0002820885825377831,1.3010554257474985e-05,-4.571135085707276e-06,2.2511307279462177e-06,8.392108453210839e-05,-5.198538192320589e-05,-1.7608531766882662e-05,0.0001820834497541737,-2.609675453667453e-05,-2.9989899406502475e-05,0.00011867403976477857,0.0003744615226000997,-6.867560897247592e-06,2.860122798002419e-07,1.899127909566464e-06,3.781658443371165e-06,-1.841634755985088e-05,0.00014649892817502437,2.2951094673442582e-05,3.7978084859344e-05,-3.09444006278154e-05,7.86424188886307e-05,0.0002519345182384112,2.9936993699006983e-05,5.036795874980545e-06,-2.113316812055087e-05,0.00013768487689995755,0.0001096869697896204,0.00014354988948532107,-5.418744940804656e-05,0.00016384081279460257,0.00010680093554894022,-2.108714076382381e-05,0.00014060621223499072,0.00018002913485382302,0.00019406817760748648,-1.985787357812149e-06,0.00012753501731243766,8.132675686732867e-05,1.711329611077562e-05,9.024629893952417e-05,6.43197341630851e-05,0.00016846155041282297,4.043241825940813e-05,0.00014876693239461385,-5.593292069466383e-05,5.8350233407889643e-05,-5.934321804881278e-06,0.00016596262533215414,5.7253028501544314e-05,-4.257598576877811e-06,0.00014942000222230002,6.81354110800172e-06,7.826003936778369e-06,-3.185364908532982e-05
HCTR11.SA,1.1795243725810765e-05,-1.3757961648701722e-05,4.697416432275056e-06,-9.286389531489913e-06,-1.3114176151045148e-05,8.761574557439057e-06,7.728470811294966e-06,-1.7463252775033166e-05,-2.3846850666330835e-05,-1.0918342181633888e-05,5.20532011074082e-06,7.456353105788759e-06,1.046347886886437e-05,1.3614089884022185e-05,-6.7742511258927195e-06,9.19589660601939e-07,8.438972285365971e-06,1.2503652193713048e-05,8.29716254743669e-06,1.9775108823975872e-05,2.7362596830339826e-05,-6.867560897247592e-06,0.00046014041599567806,4.703173647139411e-06,6.079337503137057e-06,9.258501147927839e-06,3.2860617987567506e-05,-1.1667314941711997e-05,7.767769692814693e-06,5.8922799779169055e-06,3.0491060831034725e-05,-6.417741621241307e-06,-8.983146174861918e-06,9.522172460731624e-06,2.6567942553075434e-06,1.1893213033608516e-05,1.8697673919567016e-05,-3.3345275614642676e-06,3.42145366599652e-05,-1.644574291804668e-05,6.649953704110547e-06,9.143790087688455e-06,1.8294179973293977e-05,-1.1790351882386421e-05,-3.5303819529813333e-06,2.760750701114291e-05,8.873520359231014e-06,4.0754729028185315e-06,-1.30310331620299e-05,1.2836137565519206e-05,8.801167426673966e-06,1.1076608959699692e-05,4.6827488920894865e-06,9.78484599819797e-06,1.6008524814854027e-05,4.516773484670688e-05,8.336544512181475e-06,1.713804029139421e-05,-7.297449232044614e-06,4.905260155827028e-06,1.283884872296631e-05,7.385651338210429e-06,1.4085956000939963e-05,-4.762840574223731e-06,1.861814943420348e-05
HGLG11.SA,4.300863192386901e-06,6.689184181171384e-06,-4.962051052431404e-07,-1.883953100038791e-06,5.824177469884793e-06,1.4299687873772225e-05,8.231651865865805e-06,4.8574014969151155e-06,1.5924201383468534e-05,-3.515449650088178e-06,-5.031432426012642e-06,1.354533181401363e-05,2.0195494526636305e-05,1.0706634096718208e-05,-7.861465640615058e-07,1.0513033335588847e-05,-2.0957431942393477e-06,-4.605819417847126e-06,5.648972583006232e-06,1.8204426535186173e-05,-3.0920834461496803e-06,2.860122798002419e-07,4.703173647139411e-06,4.87013443872007e-05,9.973300250547592e-06,1.1239983535424751e-05,4.213660085235837e-06,3.34797918487434e-06,1.2253298515522637e-05,1.2199144207012713e-05,1.2992361156364914e-05,-2.520450268954414e-06,4.285614494658518e-07,5.277860400002793e-06,4.022954292573099e-06,9.537873555166592e-06,-1.1364410752230766e-06,-4.356644234038843e-06,1.0261525058606743e-05,4.6497707549148413e-05,3.446161474820922e-06,-6.003366571756062e-06,1.1102753302014984e-05,8.578907645265187e-06,-1.0903221668978123e-06,3.6464819304769626e-06,7.744285085238393e-06,-1.209860468492276e-05,-4.836391917556935e-06,1.7826216242079952e-05,-3.5106284906125354e-06,2.8863159080693315e-05,7.83287385692982e-06,8.396487521414484e-06,-8.049052285606875e-07,1.4209665826901866e-05,7.295941707162987e-06,1.2567294197779416e-05,1.5387317716698816e-05,7.58579752065388e-06,1.8548969242118517e-05,2.871083729149324e-06,1.561796660049791e-05,1.928567660761504e-05,1.4849182070124539e-05
HGRE11.SA,1.128225020352512e-05,-4.74790913539521e-06,1.958478949938978e-05,-6.46160587470629e-06,5.596650766529126e-06,1.3272073187625174e-05,1.1637195037727575e-05,3.0003144388051446e-06,1.4704032524336252e-05,-2.920052859814367e-06,7.671942992158384e-06,7.3163899457005126e-06,2.0462666390034725e-05,2.00965839686447e-05,6.639368639769856e-07,1.57440872861619e-05,6.672495414013801e-06,8.688618852923165e-06,4.49994156058449e-06,1.2937791664388338e-05,1.1731915596520215e-05,1.899127909566464e-06,6.079337503137057e-06,9.973300250547592e-06,0.0001430153403827758,2.430989125902064e-05,1.219245724570762e-05,8.289170274227342e-06,1.3156147940243244e-05,1.319750736076219e-05,2.055267457029872e-05,-6.598931929770169e-06,-1.1044545565332143e-06,1.1432823222189666e-05,9.655021697313152e-06,1.97916424265559e-05,-4.343938960320142e-06,4.1114662994770385e-07,5.433350149810467e-06,3.2334914278686e-05,3.676116570365835e-07,3.5529707648166646e-06,1.0928890271294984e-05,1.8772819488133655e-05,2.072802382021667e-06,-5.553750348554989e-06,5.7560604491828505e-06,-2.1513945493934026e-06,1.2567969392287535e-07,1.3787763460879284e-05,-2.366050066394533e-06,2.154982381949091e-05,-1.0979661086354107e-05,7.753324992568456e-07,1.6213918372981213e-06,5.115839387593339e-06,9.59902209706901e-06,4.554482405976678e-06,2.1998123501370208e-05,-4.9323369721299646e-06,3.449926016677487e-05,-1.372240291274749e-06,1.5777773330221225e-05,4.58523995488449e-06,1.5377462648425123e-05
HSML11.SA,1.2867294663475265e-06,7.547250656679941e-06,-7.793383175118534e-07,-4.6487582158874635e-06,-1.4159231222482914e-05,1.437109291649323e-05,9.5302816858031e-06,1.0849717158680132e-05,1.610232742528895e-05,-7.845302336288722e-06,3.651186688430501e-06,1.2539454964302146e-05,2.0489853142325032e-05,2.2554522750300832e-05,-1.088531828435504e-06,1.0365266892558292e-05,3.257242793418382e-06,2.4520612145414784e-06,7.461101561732661e-06,1.3040749792092718e-05,3.052252132271804e-07,3.781658443371165e-06,9.258501147927839e-06,1.1239983535424751e-05,2.430989125902064e-05,7.526173482263389e-05,3.142031672429745e-06,3.1071963442491746e-06,1.2351482483625033e-05,1.4612368694265097e-05,3.2033481168586694e-05,-3.9170163348507126e-06,-1.3872546600998414e-06,8.506678621322964e-06,6.373461396495638e-06,2.2720510749616167e-05,6.321541460877437e-06,-2.9976331145787958e-06,1.9317427141554574e-05,3.7185092477006003e-05,2.4503054751743835e-06,5.935644964592248e-06,6.8392507481881425e-06,-8.566020075274993e-07,-5.377465796179766e-07,-2.929402534640321e-06,1.0358748588964212e-05,-1.1173150795439454e-07,-1.5439424596162746e-06,1.3867187626063506e-05,-1.0428262947435943e-05,2.0239296719501116e-05,-7.998468309319033e-06,5.4687634941185854e-06,-6.33891973988421e-07,2.787733275407245e-05,5.660452406105822e-07,2.1475793858580188e-05,4.6697791089480854e-06,3.5024231139388547e-06,2.6340132038716022e-05,3.6648055207418054e-06,2.3509798554012847e-05,1.9651640652082788e-05,1.9215527398973883e-05
HUSC11.SA,2.0803721727615152e-05,1.6170407414296997e-05,3.3533089161543856e-05,3.302665129087986e-06,-3.376648440148846e-05,1.5333968103880448e-05,8.756672189719255e-06,-3.7528811194358966e-06,1.9539957268909473e-05,9.409597993718844e-06,-2.3225296539985126e-06,2.1714649672786833e-05,1.0961203388795178e-05,1.997076379240373e-05,1.0076467516091829e-05,-1.0747208237061325e-05,-2.6579804985710415e-05,-5.1818702747954815e-06,-2.535583699048332e-07,-6.189349899330985e-07,8.636719688267338e-06,-1.841634755985088e-05,3.2860617987567506e-05,4.213660085235837e-06,1.219245724570762e-05,3.142031672429745e-06,0.0006615069358266797,3.2633279068164753e-05,-1.8557179680345929e-06,-2.602620715689934e-06,4.2049434092889256e-05,4.218464783529253e-06,-1.189023906374492e-05,2.693001716950518e-05,-9.334660900247233e-07,2.373383027761499e-05,3.848887646830157e-05,1.2375204398697975e-06,4.858664585508166e-05,1.2356622391131876e-05,2.1736738552672188e-05,2.0940491517953457e-05,1.7227477503505316e-05,8.428012913695085e-06,2.6160235626495244e-05,-2.214682607210611e-05,4.7979517987276365e-05,3.014043866460302e-05,-1.1273883151684398e-05,2.2945562585953895e-05,1.9621291646197532e-05,4.777028994434869e-05,1.2185208907419197e-05,-1.1736418198433842e-05,1.2659236554623094e-05,7.036108505474779e-05,1.986208090106101e-05,9.29537573278447e-06,-2.78183930567998e-05,1.5124041474176174e-05,8.315491638921866e-06,3.970081638622134e-05,-1.8150046267801347e-06,2.876321124770429e-05,3.1757882403633345e-05
ITLC34.SA,0.00021186080049107135,-4.268232033034728e-06,0.000253662261975415,0.00012429160687708098,9.684997064019957e-05,-3.801109316433256e-05,-3.3197090618346827e-06,-3.4628457377338864e-05,1.0194839943052956e-06,0.0001407327199894772,0.0001622407740288272,2.539398616841675e-06,-2.9840627873428294e-05,3.320679166121847e-06,9.461092584585262e-05,-5.322320995187527e-05,-4.966103804797769e-06,0.000177047701598392,-2.0123475354252058e-05,-5.1227630499605165e-05,0.00022249855619319985,0.00014649892817502437,-1.1667314941711997e-05,3.34797918487434e-06,8.289170274227342e-06,3.1071963442491746e-06,3.2633279068164753e-05,0.0005771585605221072,-1.4862059446198548e-05,-4.599551287922316e-06,-6.168456483290038e-05,8.498133148442581e-05,0.00015057852999639598,4.046024911992261e-05,6.051469715950506e-06,-4.62142140974556e-05,0.0002664453918613009,0.00010946353726770269,0.00025192798932239624,2.278377035348643e-05,0.00015909264588824564,0.0002163692905722021,-1.3711924630019866e-05,0.00024016238220342026,0.00020251395812839092,0.00030998605876563233,-1.5138579228066621e-05,0.0001493647277531503,8.93864271551973e-05,-2.9456014610158133e-05,0.00010086659635002223,4.729806683622805e-05,0.0002258759928947631,-1.8554616959679473e-05,0.00014813117698074833,-7.02289179921266e-05,6.913321549513334e-05,-1.2329260982193893e-06,0.00025478208378109507,5.7630443708880634e-05,-6.804865582707298e-06,0.00015061392484750453,-6.799810463503722e-06,-2.2507030841943827e-06,-3.468474777500085e-05
ITSA4.SA,-2.219164919089302e-05,0.00013437571985657794,-2.3658592615873423e-05,-2.4864302954625905e-05,5.737127274205766e-05,0.00020840390171807514,0.0002491715577837087,9.755782969431565e-05,3.17221436640551e-05,-1.9462915135632012e-05,3.589526314357738e-05,0.0001559000662642843,0.00020707082056051036,2.5379342936448545e-05,-3.356490027634642e-05,0.0001038205398682903,1.999630830655493e-05,5.362949061502729e-06,8.628028074673124e-05,0.00017724643207921414,-1.7830201013998124e-05,2.2951094673442582e-05,7.767769692814693e-06,1.2253298515522637e-05,1.3156147940243244e-05,1.2351482483625033e-05,-1.8557179680345929e-06,-1.4862059446198548e-05,0.00024361008654438294,0.00025423419553013526,0.0001929980493171262,-4.6992512793470806e-05,1.7366610777215347e-05,2.9686870135358003e-05,9.441936784565882e-06,0.00021527009864410844,-2.681103187299266e-05,-3.362063381383026e-05,3.954428520891144e-05,0.00021707608571699862,-1.125292276281904e-06,-2.9985956674078374e-05,9.872911458495488e-05,-1.1584717750497975e-05,-3.3096313271313034e-05,-8.627639553687262e-06,4.1833680809422275e-06,-2.5331262087894154e-05,-4.538900947533022e-05,0.00018293081829171446,-4.4697815027780816e-05,0.00011978879025090958,-1.3199623219374616e-06,0.00022552793448235285,-1.1356657029688323e-05,0.00014731913851434374,1.885506271962241e-05,0.00013212322288395402,2.267874628607771e-05,8.183503431404895e-05,3.5893602267339683e-06,-9.966160202303664e-06,1.555828958126045e-05,0.00010533130011350178,0.00018748027972084543
ITUB4.SA,-1.2494473829301685e-05,0.0001461120497370763,-1.7388154505607764e-05,-1.6884755177265264e-05,7.101921072522174e-05,0.0002326513719245802,0.00029667747458497377,0.00010504512158926396,3.154836691258189e-05,-4.5521387850552735e-06,5.1133157850156536e-05,0.00016847325694128646,0.0002092284222960212,2.6971626782444465e-05,-2.50795991140886e-05,0.0001041952412509767,2.507922120743446e-05,1.4949671927713336e-05,8.502073188233528e-05,0.0001807493400090448,-1.586080852717998e-05,3.7978084859344e-05,5.8922799779169055e-06,1.2199144207012713e-05,1.319750736076219e-05,1.4612368694265097e-05,-2.602620715689934e-06,-4.599551287922316e-06,0.00025423419553013526,0.000344050320204677,0.0001997386614476429,-3.9409751629415075e-05,3.462826153784671e-05,2.589382783714409e-05,1.5731723214698302e-05,0.0002320292062867077,-1.9882607013838425e-05,-2.689753531500066e-05,4.348200976862897e-05,0.000206079645831683,1.2027072364011026e-05,-2.9918754023827633e-05,9.275077932701464e-05,-1.8968815614480273e-05,-1.993714198907838e-05,-1.1442001432575644e-05,5.765118931903167e-06,-2.5579976325891935e-05,-3.386195401592812e-05,0.00019982305303290263,-3.847846365261177e-05,0.00012601520993536604,-2.727590411177325e-06,0.00025867914895579686,-2.2015263180926146e-06,0.00015686618488812963,2.4644254230679572e-05,0.00012694994057183234,1.9667106870005585e-05,9.256860989691467e-05,5.689979260192474e-06,1.918807438435428e-06,1.7203325487357696e-05,9.381203642475208e-05,0.00019056167145378367
JHSF3.SA,-5.50754136522795e-05,0.0001598501078673385,-1.7478301454434766e-05,-7.800587675702597e-05,5.6805531689505216e-06,0.00020871003193787904,0.0002053900612596551,0.00011202847258554773,4.087893571535259e-05,-7.46295338441055e-05,-8.52216538200725e-06,0.00020988340463890825,0.0003789226149055234,4.8624341565774166e-05,-6.29653995894224e-05,0.00019320660945090006,2.4113806928122406e-05,-1.6327608247456777e-05,0.0001272722174982557,0.000272592793063524,-5.95703639815415e-06,-3.09444006278154e-05,3.0491060831034725e-05,1.2992361156364914e-05,2.055267457029872e-05,3.2033481168586694e-05,4.2049434092889256e-05,-6.168456483290038e-05,0.0001929980493171262,0.0001997386614476429,0.0007079020100879565,-8.737156271062696e-05,-3.858485094152765e-05,3.808512937269113e-05,1.1309883803616888e-05,0.0004158909865591941,2.3054663264988884e-05,-6.12483696829061e-05,0.00014988487237249591,0.0004906676853780941,-8.030644034295327e-06,-2.3207063953998666e-05,0.00020919572171986767,-3.200586790494819e-05,-5.2808808145353066e-05,1.8938626507564202e-05,4.122013170963549e-05,-4.617144873113048e-05,-5.5871742799177704e-05,0.00018468188072668498,-8.649776057873467e-05,0.00016548099593229355,2.782677297038074e-05,0.0001789918916821549,-1.2734631241218395e-05,0.00035976089198469307,-1.940028139298567e-05,0.0002929413262206351,6.994164899298056e-05,4.082516889425704e-05,2.5572661948184453e-05,-4.456157594489314e-05,3.122742051728427e-05,0.00018948278413223545,0.0003622048623789131
JNJB34.SA,9.718326846695705e-05,-1.5000780268047824e-05,7.204299481629524e-05,0.00010519363165115863,3.507881339316055e-05,-6.74687227251061e-05,-4.5212932183916246e-05,-3.672762421456617e-05,-5.163659226519957e-07,0.00011733102967490661,9.824931638237868e-05,-5.737841520932445e-05,-9.665777909845892e-05,-9.424268317437162e-06,0.00011982340891420724,-5.579156357221032e-05,1.2018276570767996e-05,8.743454890882022e-05,-3.656744448961639e-05,-8.09169874907896e-05,9.308484788601108e-05,7.86424188886307e-05,-6.417741621241307e-06,-2.520450268954414e-06,-6.598931929770169e-06,-3.9170163348507126e-06,4.218464783529253e-06,8.498133148442581e-05,-4.6992512793470806e-05,-3.9409751629415075e-05,-8.737156271062696e-05,0.00022002371197473204,0.00010918844459377717,-1.0036788977079261e-05,-4.4801529299535005e-06,-0.00010286793631978663,8.752482688410276e-05,0.00011307863163944701,8.154271215404693e-06,-0.000143468518007078,0.00010060360493229001,9.941126549953824e-05,-4.466611239556315e-05,6.176724788339527e-05,9.270900082223877e-05,4.4321731504798613e-05,-1.4701183218220811e-05,9.903753215464218e-05,0.0001262337963076503,-7.693568383212039e-05,0.00014522619243774812,-6.99327060965058e-05,6.365354811680696e-05,-3.851109105583944e-05,9.222752901830911e-05,-0.00010536426120595136,2.538621452075212e-05,-8.259641490016672e-05,2.7826417149240485e-05,-3.3724847992716056e-05,1.5853551329626027e-06,0.00010898803566673655,-5.321878122265132e-06,-4.085978315697755e-05,-0.00011380094193567134
JPMC34.SA,0.00012148033279807889,1.3506549362808185e-05,0.00012478536868105387,0.00013413328502439635,0.00018572128186305673,5.561368569089706e-06,2.599352621367557e-05,-1.5524318011346083e-05,-2.2228721148281375e-06,0.0001690234632965635,0.00031534670669518754,-4.360124505471243e-06,-4.0999089811559636e-05,-6.34957569721043e-06,0.00011247980799221929,-6.069645139945158e-05,-1.5736060062244716e-06,0.00019356133707977205,-3.487312464701137e-05,-4.088482168057806e-05,0.00013744578718872272,0.0002519345182384112,-8.983146174861918e-06,4.285614494658518e-07,-1.1044545565332143e-06,-1.3872546600998414e-06,-1.189023906374492e-05,0.00015057852999639598,1.7366610777215347e-05,3.462826153784671e-05,-3.858485094152765e-05,0.00010918844459377717,0.0003427796281004161,3.6224666007572074e-05,1.489877934563072e-06,-3.142253617546984e-05,0.00014125261737825916,0.0001227947316456076,0.00010471670537536674,-9.852684916356459e-05,0.00018567065014192985,0.00012547531652182617,-2.4336520045460154e-05,0.00014414590990218326,0.000168928945302894,0.00017568539821371062,-4.4846743581007474e-05,0.00013197142944767877,8.822577841513888e-05,-4.138716223187714e-06,0.00011818478883876867,2.0940392284230852e-05,0.00012420267426137459,3.6701081375281486e-05,0.00014532015387185322,-8.599380787106478e-05,6.401919198821111e-05,-5.4438269694164526e-05,0.00014504611652025,3.966224638484445e-05,-8.395827520539633e-06,0.00017222142279252716,1.243579938944789e-06,-1.699942144863827e-05,-2.4506390209622405e-05
KLBN11.SA,4.150091158043228e-05,2.3125455224083045e-05,3.693267407764753e-05,7.60206272334743e-06,4.868977382548607e-05,2.7818373912276755e-05,3.2713919676538345e-05,2.6394337703324995e-05,1.2073767083073238e-05,1.6192650616625788e-05,4.8423759588155965e-05,6.451843564104275e-05,6.327281942204259e-05,1.6780436394883133e-05,1.0148128337199099e-05,2.722817529192994e-05,-2.033819270177752e-05,2.2335739874393125e-05,1.825795072935795e-05,2.0031093234335598e-05,2.7974433192107867e-05,2.9936993699006983e-05,9.522172460731624e-06,5.277860400002793e-06,1.1432823222189666e-05,8.506678621322964e-06,2.693001716950518e-05,4.046024911992261e-05,2.9686870135358003e-05,2.589382783714409e-05,3.808512937269113e-05,-1.0036788977079261e-05,3.6224666007572074e-05,0.00028613783341280524,-1.3330755867844907e-06,4.386274645655724e-05,3.955232300771201e-05,6.363354638984734e-06,6.51081380614536e-05,8.096855762682857e-05,3.722802167417208e-05,2.7936175952032815e-05,2.126389352059404e-05,5.550669962175736e-05,2.7498340063530832e-05,7.906551004042118e-05,1.5222709586492835e-05,3.1418296676690684e-05,1.4812306931114672e-07,3.161228757273572e-05,1.2649478428225667e-06,0.00010414883728625088,4.087761629948276e-05,2.457375358266215e-05,2.5633377917789846e-05,2.5917489374761735e-05,0.00024531190881385806,8.01382126469604e-05,7.790107976478505e-05,0.00010121117140780442,1.0431226831805198e-05,3.24696809381639e-05,5.541772531931171e-06,7.69770264464632e-05,6.358002853700735e-05
KNCR11.SA,-5.245087176723012e-06,6.096011709508319e-07,2.8771173852210275e-06,8.352441972467102e-06,4.345544569008659e-06,9.432975326675598e-06,8.032861177279477e-06,4.384012802904361e-06,5.659170502548299e-06,3.968534358958495e-07,-1.5725203735283634e-06,5.756851649713936e-06,1.1029813163745222e-05,7.665705341545703e-06,-2.800801678285854e-06,2.208135407898313e-06,2.8394069955461668e-06,5.7832819649914635e-06,1.573836649373037e-06,7.2847870896304765e-06,-2.135743744411282e-06,5.036795874980545e-06,2.6567942553075434e-06,4.022954292573099e-06,9.655021697313152e-06,6.373461396495638e-06,-9.334660900247233e-07,6.051469715950506e-06,9.441936784565882e-06,1.5731723214698302e-05,1.1309883803616888e-05,-4.4801529299535005e-06,1.489877934563072e-06,-1.3330755867844907e-06,3.0507087307651158e-05,9.700481094476749e-07,1.3475445209427e-06,1.5257687199542002e-06,1.0413037055489961e-05,1.2796684470841987e-05,3.6989160174923572e-06,-1.995752568086233e-06,2.528222891154729e-06,7.205214660934729e-06,-2.439624410671809e-06,-4.6082909507053015e-06,3.5769461209534343e-06,-6.527880223428982e-06,2.3119117553501548e-06,6.097773197075844e-06,-5.005145278017122e-06,-2.478808253833417e-06,-3.974771803081196e-06,5.100928338569764e-06,-1.1753716016771408e-06,4.874909159928584e-06,-8.23173304835327e-07,5.620387093598059e-06,8.964143489449827e-06,-2.617081216241388e-06,8.151060225295774e-06,2.5461082042257798e-06,7.927237286899836e-06,3.8060400304338674e-06,1.1624996177041005e-05
LREN3.SA,-4.637437443567918e-05,0.00017269670948758567,-1.3281873166209755e-05,-7.722647867329071e-05,5.554643980037293e-05,0.0002171134288684223,0.00024734200483755647,0.00013662905588417772,2.5305561254483555e-05,-7.67410326152609e-05,8.640811198568245e-06,0.00022358717210191377,0.0003833666584109934,5.244318904162484e-05,-6.422383550773326e-05,0.00019696054069274883,9.773987269373997e-06,3.1170112287512155e-05,0.00014302074278457112,0.000301133257451088,-1.8009091732664216e-05,-2.113316812055087e-05,1.1893213033608516e-05,9.537873555166592e-06,1.97916424265559e-05,2.2720510749616167e-05,2.373383027761499e-05,-4.62142140974556e-05,0.00021527009864410844,0.0002320292062867077,0.0004158909865591941,-0.00010286793631978663,-3.142253617546984e-05,4.386274645655724e-05,9.700481094476749e-07,0.0007774394492782689,-1.1769554045913525e-05,-6.718433304729836e-05,0.00013447434129290015,0.00059391879671774,-3.089623856271609e-05,-2.5469054211249167e-05,0.0001812358686548102,-3.027534929481533e-05,-4.6833984368898944e-05,3.893094220172361e-05,-1.2437839615386512e-05,-5.848853259726654e-05,-6.461145162174881e-05,0.00018004767336839156,-8.452592104598003e-05,0.00014424759351906947,-2.1397831328057848e-05,0.00020990893954684928,-2.8761099555325462e-06,0.0003429943574494691,-9.351582212112899e-06,0.0003208457346095728,3.080623535858449e-05,4.444101017678463e-05,1.827661133876478e-05,-3.9855921139789245e-05,1.8876524143021856e-05,0.00017004121353754204,0.0004533848956853953
M1TA34.SA,0.0002877213751998588,1.0479831531870847e-05,0.0004272925542639794,8.555266051099125e-05,7.854255880022558e-05,-2.73502244397339e-05,-4.7226623725716087e-05,-1.7425513932388654e-05,1.8450980159371873e-05,0.00012121153308727566,0.0001342707639277231,5.983881848215885e-06,2.5052290384367055e-05,-5.729191914660203e-06,7.976235037085262e-05,-5.6558192943928625e-05,1.1341844023071339e-05,0.00021856690717976402,-2.491277625780824e-05,-6.0812958698097776e-05,0.00034390557980152383,0.00013768487689995755,1.8697673919567016e-05,-1.1364410752230766e-06,-4.343938960320142e-06,6.321541460877437e-06,3.848887646830157e-05,0.0002664453918613009,-2.681103187299266e-05,-1.9882607013838425e-05,2.3054663264988884e-05,8.752482688410276e-05,0.00014125261737825916,3.955232300771201e-05,1.3475445209427e-06,-1.1769554045913525e-05,0.0008136051896337554,0.00011128370553623998,0.0004437060709683502,5.8641784150641016e-05,0.0002452740614255698,0.00032100477125159135,-7.157138507759619e-06,0.0004227308646259899,0.00023381612996840122,0.0004653672867453686,2.52015310631176e-06,0.0001755337926656247,9.448886872227866e-05,-3.6664425347129886e-05,9.167887113486292e-05,-1.3951792823909718e-05,0.00043694741598353796,-2.5266377204369128e-05,0.00021475149165182754,-2.9916539699659105e-05,6.806401925132356e-05,9.121475602429006e-05,0.00034038309899722956,3.949884622412154e-05,-2.2310931719135945e-06,0.00020992835413011896,-6.830535015556421e-06,2.6506071173205638e-05,1.5854790785949897e-05
MCDC34.SA,0.00011959084991702105,-1.4835648849711581e-05,9.969676828596526e-05,9.620999831267088e-05,5.426460324776534e-05,-4.53824176754363e-05,-2.6302120246570943e-05,-1.6388132388210928e-05,-7.94505773906407e-06,0.00011195865478488627,0.00011356271830481825,-3.4055471582073696e-05,-5.0182685202292165e-05,-4.891931474819543e-06,0.00011829651850702244,-4.610064841221e-05,-4.354496245743467e-06,0.00010972403789944095,-2.7666146198342392e-05,-4.68714633806035e-05,0.00011346181891287122,0.0001096869697896204,-3.3345275614642676e-06,-4.356644234038843e-06,4.1114662994770385e-07,-2.9976331145787958e-06,1.2375204398697975e-06,0.00010946353726770269,-3.362063381383026e-05,-2.689753531500066e-05,-6.12483696829061e-05,0.00011307863163944701,0.0001227947316456076,6.363354638984734e-06,1.5257687199542002e-06,-6.718433304729836e-05,0.00011128370553623998,0.00022193168516884665,7.917628740204098e-05,-5.679516642096884e-05,0.00013262442412004794,0.00012016873497727563,-2.52477842933325e-05,0.00011442213649768908,0.00013937700813653956,0.00013634256021083125,-1.0870266970551993e-06,0.0001156268405470383,0.00011378284385366006,-4.739128325772337e-05,9.233127089664357e-05,-4.219867192911117e-05,0.00010373251894303728,-2.614860535958316e-05,0.0001403896139850125,-6.977551369189616e-05,3.6358251145465786e-05,-3.8157135609099146e-05,8.433781586213415e-05,-1.99514106899627e-05,8.91941527325958e-06,0.00012085426042297122,4.2078541374356574e-07,-3.075991764138677e-05,-6.522340933503711e-05
MELI34.SA,0.0002718384170859514,5.472483700076812e-05,0.00043521312022502204,2.7160509630552325e-05,7.135331113635394e-05,7.072596816472923e-06,1.7594818148221488e-05,3.826213386073356e-05,-6.840515634163758e-06,7.241671631260479e-05,0.0001433035333629882,9.837916036138169e-05,0.00018980184314168442,1.0255968020573613e-05,1.6872806587784756e-05,2.3037364344083044e-05,-1.1463533357303552e-05,0.00023760874871703555,1.712179789411287e-05,4.6470162780883344e-05,0.00030014876415822213,0.00014354988948532107,3.42145366599652e-05,1.0261525058606743e-05,5.433350149810467e-06,1.9317427141554574e-05,4.858664585508166e-05,0.00025192798932239624,3.954428520891144e-05,4.348200976862897e-05,0.00014988487237249591,8.154271215404693e-06,0.00010471670537536674,6.51081380614536e-05,1.0413037055489961e-05,0.00013447434129290015,0.0004437060709683502,7.917628740204098e-05,0.0011998634632801363,0.0003855954828724972,0.00021089056404617805,0.0003105904145405902,2.449785226995317e-05,0.0004906070498622891,0.0002910886958374256,0.0005921268829203876,-1.5767864717225917e-05,0.00012585238515247618,5.150933214904178e-05,2.344283906283928e-06,4.099465406093924e-05,0.00011383775978438218,0.00045448597815733076,1.3546500586668434e-05,0.00023924035190852561,0.00018692268938663885,8.323574114226531e-05,0.000281829465912131,0.0005536166123225636,8.729107736535763e-05,1.3353728524805462e-05,0.0002024250368139042,1.4018312606936936e-05,0.00016884225472842487,0.00015326817824311113
MGLU3.SA,-5.588639214585628e-06,0.0001617651846338702,1.1886932671205591e-05,-0.00010740959257464474,4.425357315952096e-05,0.00021160115640200073,0.0002226481884048617,0.00011197460527765731,3.713736786574164e-05,-0.00010907951336838718,-4.145817384891117e-05,0.00028303359768959733,0.00046787332415579357,8.750950409549934e-05,-9.791388933072143e-05,0.0002244008517417844,-6.697983393495498e-05,-6.73379071009318e-06,0.00012905477247028584,0.00032392592264930144,-5.850568846636985e-07,-5.418744940804656e-05,-1.644574291804668e-05,4.6497707549148413e-05,3.2334914278686e-05,3.7185092477006003e-05,1.2356622391131876e-05,2.278377035348643e-05,0.00021707608571699862,0.000206079645831683,0.0004906676853780941,-0.000143468518007078,-9.852684916356459e-05,8.096855762682857e-05,1.2796684470841987e-05,0.00059391879671774,5.8641784150641016e-05,-5.679516642096884e-05,0.0003855954828724972,0.0020261026503069083,-3.1111937923531436e-06,-8.625588425069268e-06,0.00019493385933503816,7.643685044216215e-05,-4.1972241631226154e-05,0.00018112006035240222,-6.778173706445411e-06,-6.850810353512987e-05,-7.73302847558391e-05,0.0001564670688584613,-0.00013137154885747545,0.00024233253467615247,3.227441062932675e-05,0.00018276264994086217,2.991037406357364e-05,0.0004588296160662728,1.9904403641057022e-05,0.000493646200472845,0.000147775363386336,7.83710670194654e-05,5.250055059493982e-05,-4.1375523846352644e-05,1.893135342314226e-05,0.0002459956235289415,0.0005646407459538942
MSCD34.SA,0.0001806647334082765,-1.5325694844992615e-06,0.00020379996424249526,9.764708841477287e-05,0.0001225943223253802,-2.509958631680938e-05,1.308874916266369e-05,-6.092997336362758e-06,4.8246571417900564e-06,0.00015232931612873694,0.00018623637270405387,-6.578398545243514e-07,-7.078918801912921e-06,-4.748574042515938e-06,0.00010969619355625246,-5.659292857348148e-05,-4.2003867094527e-06,0.00020953959470040455,-2.306879517018644e-05,-2.424820032502765e-05,0.000197447936716409,0.00016384081279460257,6.649953704110547e-06,3.446161474820922e-06,3.676116570365835e-07,2.4503054751743835e-06,2.1736738552672188e-05,0.00015909264588824564,-1.125292276281904e-06,1.2027072364011026e-05,-8.030644034295327e-06,0.00010060360493229001,0.00018567065014192985,3.722802167417208e-05,3.6989160174923572e-06,-3.089623856271609e-05,0.0002452740614255698,0.00013262442412004794,0.00021089056404617805,-3.1111937923531436e-06,0.00042824136972174,0.00018940317679177248,-1.4571155484855644e-05,0.00019030123886296278,0.00021424544903618584,0.00026541927333611164,-3.315663080846219e-05,0.00016469182753790223,0.00010703631240130283,-2.381993939046044e-05,0.00010559649357253276,3.7461726317026386e-05,0.0002044722349082646,5.55414901979482e-06,0.0001825013030190023,-4.499204971011263e-05,6.699861470100476e-05,1.5421033934252503e-05,0.00018274246363788498,2.0241476852291565e-05,-7.232215684316416e-07,0.00027715889273152234,2.8727263460693933e-06,2.3019739252394957e-05,-1.664242964527282e-05
MSFT34.SA,0.00026023703193876594,-5.719745285922981e-06,0.00030751250139220593,8.100774316643974e-05,5.0709892588424266e-05,-5.34186258243054e-05,-3.0123253934180435e-05,-2.2408086964107678e-05,-1.2451928962780833e-05,0.00012741116196342262,0.00011377011909983933,-1.2039444987106104e-05,1.31527811233297e-06,-5.016212547250598e-06,0.00010056081458223605,-5.599324342114911e-05,-2.5743799104652346e-06,0.0001708075632255647,-1.2322370771948607e-05,-5.2981421163307896e-05,0.0002990781662003203,0.00010680093554894022,9.143790087688455e-06,-6.003366571756062e-06,3.5529707648166646e-06,5.935644964592248e-06,2.0940491517953457e-05,0.0002163692905722021,-2.9985956674078374e-05,-2.9918754023827633e-05,-2.3207063953998666e-05,9.941126549953824e-05,0.00012547531652182617,2.7936175952032815e-05,-1.995752568086233e-06,-2.5469054211249167e-05,0.00032100477125159135,0.00012016873497727563,0.0003105904145405902,-8.625588425069268e-06,0.00018940317679177248,0.000376068235340596,-1.4508484634110741e-05,0.00027518512046349503,0.00021359033001741904,0.0003952520745223507,-4.38413524711519e-06,0.0001835611191096826,0.00011517499433005492,-5.997666836074704e-05,0.00010068340512486192,-4.045217901297118e-05,0.00024978516967443236,-3.129375968797301e-05,0.00016564707880600116,-4.6604704910311366e-05,5.803878356380196e-05,5.353772222746254e-05,0.0002867985119075516,4.817099324776294e-06,-4.063457346136829e-06,0.00018024634250573366,-4.855449293570824e-06,1.96661575265353e-05,-2.5924881252477727e-05
NEOE3.SA,-2.549762645584831e-05,8.462082370789199e-05,-2.6756526823096374e-05,-4.4069045676714846e-05,2.120843775098784e-05,0.0001072129789621543,0.00010828402829479813,6.513283596963711e-05,2.457177200700668e-05,-3.6230155384189636e-05,-2.1145447401242832e-05,9.708462419151521e-05,0.00016469348665589922,2.2896021203391045e-05,-2.9110844476940823e-05,0.00014791394664372291,5.288355169835989e-06,-1.6080000298417932e-05,9.1358976254073e-05,0.0001719184933876339,-2.362352985483105e-05,-2.108714076382381e-05,1.8294179973293977e-05,1.1102753302014984e-05,1.0928890271294984e-05,6.8392507481881425e-06,1.7227477503505316e-05,-1.3711924630019866e-05,9.872911458495488e-05,9.275077932701464e-05,0.00020919572171986767,-4.466611239556315e-05,-2.4336520045460154e-05,2.126389352059404e-05,2.528222891154729e-06,0.0001812358686548102,-7.157138507759619e-06,-2.52477842933325e-05,2.449785226995317e-05,0.00019493385933503816,-1.4571155484855644e-05,-1.4508484634110741e-05,0.0002844196577791956,-1.8187720140653233e-05,-3.459999607639835e-05,2.3761284160478315e-05,1.4384795862456038e-05,-1.5157841418540619e-05,-1.783311399087086e-05,8.829713344887544e-05,-4.134925941875101e-05,6.299348271591895e-05,-9.277412978204378e-06,9.244936610272298e-05,-7.55795378810389e-06,0.00014921096819479432,-4.513463658268325e-06,0.00014676209786475866,-8.53098973033362e-06,1.8707433610130585e-05,8.72503489488094e-06,-2.415687488463018e-05,1.19805778915947e-05,9.941424942652714e-05,0.00015874993159072307
NFLX34.SA,0.00026047405875203965,-2.9985942654995766e-07,0.00035524908267693217,9.356392844814841e-05,8.872898361882281e-05,-3.1890847831007726e-05,-2.9931434213263413e-05,-3.181670738161484e-06,-1.4189129455176616e-06,0.0001133647161883341,0.00015636992531221534,9.558350582313214e-06,3.637067800702635e-05,-1.0314188735277176e-05,7.422975137547491e-05,-3.593123076762491e-05,5.542588860908601e-06,0.0002436190162373015,-2.1774977125328134e-05,-6.156386398707013e-05,0.00028828300137940794,0.00014060621223499072,-1.1790351882386421e-05,8.578907645265187e-06,1.8772819488133655e-05,-8.566020075274993e-07,8.428012913695085e-06,0.00024016238220342026,-1.1584717750497975e-05,-1.8968815614480273e-05,-3.200586790494819e-05,6.176724788339527e-05,0.00014414590990218326,5.550669962175736e-05,7.205214660934729e-06,-3.027534929481533e-05,0.0004227308646259899,0.00011442213649768908,0.0004906070498622891,7.643685044216215e-05,0.00019030123886296278,0.00027518512046349503,-1.8187720140653233e-05,0.0009405439266632831,0.0002504285088462869,0.00044065444129368374,-3.0158819727718672e-05,0.0001700286553387254,9.826893715050381e-05,-3.724411179676443e-05,9.125487223869333e-05,-4.328556258082845e-05,0.0003981120786839951,-2.016371684856467e-05,0.00020412581244465754,-2.132747466632612e-05,9.475733214980361e-05,0.00010348962513747977,0.00040300106522762435,3.352479898437818e-05,-4.914532165275965e-07,0.00017877108483811522,-7.848458809567482e-06,4.227121957747462e-05,-2.950564678466091e-05
NIKE34.SA,0.00020186546293329453,-1.1781108975443223e-05,0.00025199223946681203,0.00010688699790173612,9.511848818032084e-05,-3.743707134874866e-05,-4.896328408664663e-06,-9.971707623515502e-06,2.7345823911524704e-06,0.0001436692681826007,0.0001676096826081882,-6.021568105918689e-06,-1.2543050593915003e-05,-1.0911796804498158e-05,0.00010958332947733177,-6.0499441772057946e-05,-4.136895479357828e-06,0.0001964393561565381,-2.5063199263517034e-05,-5.946921939943464e-05,0.00021018816954296302,0.00018002913485382302,-3.5303819529813333e-06,-1.0903221668978123e-06,2.072802382021667e-06,-5.377465796179766e-07,2.6160235626495244e-05,0.00020251395812839092,-3.3096313271313034e-05,-1.993714198907838e-05,-5.2808808145353066e-05,9.270900082223877e-05,0.000168928945302894,2.7498340063530832e-05,-2.439624410671809e-06,-4.6833984368898944e-05,0.00023381612996840122,0.00013937700813653956,0.0002910886958374256,-4.1972241631226154e-05,0.00021424544903618584,0.00021359033001741904,-3.459999607639835e-05,0.0002504285088462869,0.0005465609278983292,0.00031579813066162,1.6873159884194015e-05,0.00015675597029586092,0.00010890090913595307,-3.231421131536006e-05,9.306649598132985e-05,3.727015260019676e-06,0.0002347089360876941,-1.9508556229105832e-05,0.00022869341136443473,-5.133671233893943e-05,6.278983628720287e-05,2.1696112254020163e-05,0.00022019482658664201,4.694602504186301e-05,-1.1285885348294142e-06,0.0001990986241722696,-1.7831345489891855e-05,2.6183790426664855e-06,-2.4251883352267864e-05
NVDC34.SA,0.0003461129714211931,2.1703250820953646e-05,0.0004215171689704658,4.318856056087472e-05,0.0001227976478488354,-3.067354772433659e-05,-1.3562273495257056e-05,-7.525234999589775e-06,-2.0499338697601332e-05,0.00012555546488954395,0.0001775097969173286,4.1641873774348547e-05,8.618041713398847e-05,-1.4686082165155413e-05,5.560777534582917e-05,-4.0957264334648484e-05,-4.69577937649909e-05,0.00024672786879734496,-6.245454795211474e-06,-4.134836470570185e-05,0.00038589049740600214,0.00019406817760748648,2.760750701114291e-05,3.6464819304769626e-06,-5.553750348554989e-06,-2.929402534640321e-06,-2.214682607210611e-05,0.00030998605876563233,-8.627639553687262e-06,-1.1442001432575644e-05,1.8938626507564202e-05,4.4321731504798613e-05,0.00017568539821371062,7.906551004042118e-05,-4.6082909507053015e-06,3.893094220172361e-05,0.0004653672867453686,0.00013634256021083125,0.0005921268829203876,0.00018112006035240222,0.00026541927333611164,0.0003952520745223507,2.3761284160478315e-05,0.00044065444129368374,0.00031579813066162,0.0011388679564375305,-1.4470762407446767e-06,0.00022937359383329664,7.13109979078444e-05,-2.5793029952737622e-05,7.702365921052084e-05,4.144766980357624e-05,0.00042245437984493307,-3.799606869247768e-05,0.00024333892344662202,1.2291961047074168e-05,0.00011144024622681498,0.00021739814134607807,0.000610729678803615,6.770976375789552e-05,-1.8853925320999443e-05,0.0002277692665781174,-1.2213546360129824e-05,9.822979617282629e-05,6.272704440894227e-05
NVHO11.SA,-1.4134867121486353e-05,9.896269382919276e-06,9.430819268932463e-06,-2.421830430899867e-05,-2.7785635419181623e-05,1.3505967211281583e-05,2.6213452604711015e-05,7.39698020456325e-06,8.770846181855853e-06,-2.655037583696294e-05,-3.006400015584745e-05,2.2652177863732148e-05,2.0273047446270685e-05,1.3595323493957126e-05,-2.2943121457155436e-05,1.2703818409005628e-05,-7.287096004995563e-06,-1.0972858694403251e-05,1.0980475304107843e-05,-3.656988790729611e-05,3.20978766941859e-06,-1.985787357812149e-06,8.873520359231014e-06,7.744285085238393e-06,5.7560604491828505e-06,1.0358748588964212e-05,4.7979517987276365e-05,-1.5138579228066621e-05,4.1833680809422275e-06,5.765118931903167e-06,4.122013170963549e-05,-1.4701183218220811e-05,-4.4846743581007474e-05,1.5222709586492835e-05,3.5769461209534343e-06,-1.2437839615386512e-05,2.52015310631176e-06,-1.0870266970551993e-06,-1.5767864717225917e-05,-6.778173706445411e-06,-3.315663080846219e-05,-4.38413524711519e-06,1.4384795862456038e-05,-3.0158819727718672e-05,1.6873159884194015e-05,-1.4470762407446767e-06,0.0007869379177789507,-3.277117564820941e-05,-2.3380822783244758e-05,1.9637670275525423e-05,-1.282607627585824e-06,4.6069932870800324e-05,3.7137467844759366e-05,5.533357901738663e-06,-1.103604160936864e-05,-1.8376637644197688e-05,2.024309617629069e-06,2.5274314672214872e-05,-1.0467104575137795e-05,4.657902424763807e-05,3.782421729746411e-05,-1.0816058925662175e-05,1.7568309153254644e-05,2.1159516241086444e-05,-3.177571470166965e-05
ORCL34.SA,0.00015987334743349004,-6.651505183610639e-06,0.00015215309835435445,9.10092562171019e-05,9.30900538762866e-05,-2.9330139839667673e-05,-2.4602424006140287e-05,-2.973720060788577e-05,-1.93832994163324e-06,0.00012748195914154907,0.00012037261555359135,-1.9164702559339184e-05,-2.581792265478032e-05,-5.263838781113008e-06,8.425900000735941e-05,-5.482815307864232e-05,-2.187721905774316e-05,0.00012594553047325717,-3.3365339203037007e-05,-4.809397450583788e-05,0.00016613348181773036,0.00012753501731243766,4.0754729028185315e-06,-1.209860468492276e-05,-2.1513945493934026e-06,-1.1173150795439454e-07,3.014043866460302e-05,0.0001493647277531503,-2.5331262087894154e-05,-2.5579976325891935e-05,-4.617144873113048e-05,9.903753215464218e-05,0.00013197142944767877,3.1418296676690684e-05,-6.527880223428982e-06,-5.848853259726654e-05,0.0001755337926656247,0.0001156268405470383,0.00012585238515247618,-6.850810353512987e-05,0.00016469182753790223,0.0001835611191096826,-1.5157841418540619e-05,0.0001700286553387254,0.00015675597029586092,0.00022937359383329664,-3.277117564820941e-05,0.0004299850284050832,9.980551217695675e-05,-5.228547362223933e-05,0.00010665674848704931,-8.972022255518187e-06,0.00014808478543525236,-2.6994296771136084e-05,0.0001409387132048544,-9.079786515259249e-05,7.03760544326699e-05,1.9764283405376487e-05,0.00015206792616322384,1.084653411140088e-05,3.117488800977335e-06,0.0001500178645685718,-3.5948831668132895e-06,-4.699605824158918e-06,-0.00011649569946002126
PEPB34.SA,0.00010659424572373207,-2.675707783930606e-06,0.00010203614481389614,8.871499297692907e-05,3.5653554724435006e-05,-5.8540628736616974e-05,-3.442777813364386e-05,-2.3778064551080872e-05,-2.1976105948696754e-06,9.6903884666338e-05,8.835356739746836e-05,-3.955575963838564e-05,-5.640994516759665e-05,-8.035757768455967e-06,0.0001331210721904413,-3.873158012802267e-05,-8.498604643523445e-07,9.349769481780903e-05,-2.063813404918005e-05,-4.487029552701611e-05,0.0001042074076371966,8.132675686732867e-05,-1.30310331620299e-05,-4.836391917556935e-06,1.2567969392287535e-07,-1.5439424596162746e-06,-1.1273883151684398e-05,8.93864271551973e-05,-4.538900947533022e-05,-3.386195401592812e-05,-5.5871742799177704e-05,0.0001262337963076503,8.822577841513888e-05,1.4812306931114672e-07,2.3119117553501548e-06,-6.461145162174881e-05,9.448886872227866e-05,0.00011378284385366006,5.150933214904178e-05,-7.73302847558391e-05,0.00010703631240130283,0.00011517499433005492,-1.783311399087086e-05,9.826893715050381e-05,0.00010890090913595307,7.13109979078444e-05,-2.3380822783244758e-05,9.980551217695675e-05,0.0002447621558884,-5.443596107264915e-05,9.744690498284265e-05,-4.546984334887972e-05,5.284274958911812e-05,-2.8923518388054675e-05,0.00011410566367167592,-6.997263669630026e-05,2.621513079193698e-05,-4.759597957517173e-05,5.764597897425386e-05,-3.6663099350995554e-05,3.534163714812365e-06,0.0001065579579599956,-4.440879990049302e-06,-4.094806385240073e-05,-9.147769351602631e-05
PETR4.SA,-3.5141150534562945e-05,0.00012286348550677264,-6.573106439608678e-05,-3.7456849453253636e-05,4.386509434432974e-05,0.0002732173699053034,0.0002104827590133275,9.874579298026601e-05,3.803824235463161e-05,-3.235695379153563e-05,3.2554872037384035e-05,0.00020568980780539782,0.00016644893373200489,2.353598964886487e-05,-4.499945961916411e-05,9.687045389225367e-05,3.221932892237664e-05,-1.7321224388848704e-05,6.169373666459282e-05,0.000179212346249906,-3.03244084026405e-05,1.711329611077562e-05,1.2836137565519206e-05,1.7826216242079952e-05,1.3787763460879284e-05,1.3867187626063506e-05,2.2945562585953895e-05,-2.9456014610158133e-05,0.00018293081829171446,0.00019982305303290263,0.00018468188072668498,-7.693568383212039e-05,-4.138716223187714e-06,3.161228757273572e-05,6.097773197075844e-06,0.00018004767336839156,-3.6664425347129886e-05,-4.739128325772337e-05,2.344283906283928e-06,0.0001564670688584613,-2.381993939046044e-05,-5.997666836074704e-05,8.829713344887544e-05,-3.724411179676443e-05,-3.231421131536006e-05,-2.5793029952737622e-05,1.9637670275525423e-05,-5.228547362223933e-05,-5.443596107264915e-05,0.0006273483680598389,-7.053550313272866e-05,0.00025700475072285543,-4.720294168439587e-06,0.00017796398602357223,-7.497280854742411e-06,0.00018146424458980522,3.063149981362332e-05,0.0001212499900805067,5.1007530517730876e-05,0.0001477426171675986,4.359078986290228e-06,-3.298182715629741e-05,2.687486022513474e-05,7.876715140014546e-05,0.00022467975356260534
PFIZ34.SA,9.341614005143455e-05,-2.8256633828622442e-05,8.490524198027019e-05,0.00011325192923924228,4.3754141933513934e-05,-5.3997417983106336e-05,-3.703453936079417e-05,-4.481303686470948e-05,-4.684105566324243e-06,0.00011120577110831734,0.00011582277465499987,-4.713138286348843e-05,-9.665994625854958e-05,-9.026527377903786e-06,9.794626411086945e-05,-5.797824038683193e-05,2.2318324603349405e-06,9.270322936730265e-05,-4.259454571991996e-05,-7.309656348937347e-05,0.00010110869431608972,9.024629893952417e-05,8.801167426673966e-06,-3.5106284906125354e-06,-2.366050066394533e-06,-1.0428262947435943e-05,1.9621291646197532e-05,0.00010086659635002223,-4.4697815027780816e-05,-3.847846365261177e-05,-8.649776057873467e-05,0.00014522619243774812,0.00011818478883876867,1.2649478428225667e-06,-5.005145278017122e-06,-8.452592104598003e-05,9.167887113486292e-05,9.233127089664357e-05,4.099465406093924e-05,-0.00013137154885747545,0.00010559649357253276,0.00010068340512486192,-4.134925941875101e-05,9.125487223869333e-05,9.306649598132985e-05,7.702365921052084e-05,-1.282607627585824e-06,0.00010665674848704931,9.744690498284265e-05,-7.053550313272866e-05,0.00034961041014844936,-2.48369126405248e-05,8.046609699709148e-05,-4.48272863901795e-05,7.88439292562651e-05,-9.003676126803617e-05,4.02002307489728e-05,-7.980551622591003e-05,5.7661153811734836e-05,-1.1074407210540713e-05,-7.281696148681668e-06,0.00011178334680359535,3.067954646773244e-06,-3.197275256337273e-05,-9.297392781129164e-05
PRIO3.SA,-1.6097212075824812e-05,5.4087542783033125e-05,-9.163810147632082e-06,-2.790165491341838e-05,0.00011167534970375428,0.00012123517862443869,0.00013119560066751529,7.596955815580696e-05,3.9238839946184836e-05,-7.11220798111409e-07,7.439032429588367e-05,0.00017337467579197008,0.00018145260646999583,2.140166821532313e-05,-2.611434281598093e-05,6.721243745177293e-05,-2.069510069352267e-05,1.480000490326912e-05,3.6010527503961596e-05,9.736057836550985e-05,-1.9382381730325195e-06,6.43197341630851e-05,1.1076608959699692e-05,2.8863159080693315e-05,2.154982381949091e-05,2.0239296719501116e-05,4.777028994434869e-05,4.729806683622805e-05,0.00011978879025090958,0.00012601520993536604,0.00016548099593229355,-6.99327060965058e-05,2.0940392284230852e-05,0.00010414883728625088,-2.478808253833417e-06,0.00014424759351906947,-1.3951792823909718e-05,-4.219867192911117e-05,0.00011383775978438218,0.00024233253467615247,3.7461726317026386e-05,-4.045217901297118e-05,6.299348271591895e-05,-4.328556258082845e-05,3.727015260019676e-06,4.144766980357624e-05,4.6069932870800324e-05,-8.972022255518187e-06,-4.546984334887972e-05,0.00025700475072285543,-2.48369126405248e-05,0.0010215055009371876,-4.655090419486861e-06,0.00012499011256399812,9.144328807465243e-06,0.00018586470332044382,0.00010500566553774953,0.00015387312283905285,0.00010756077034942899,0.0002156158651358556,3.3612617012507624e-05,7.837168216051145e-06,2.0759847129121783e-05,0.0001123156254097715,0.00016645905380745585
PYPL34.SA,0.00024929715352676416,2.1188860198259808e-05,0.0002911823616460036,6.506464550443586e-05,0.00011702395999027692,-4.631859869052635e-05,-1.2345108613219451e-05,-2.9054032390325366e-05,-1.4259163965242056e-05,0.00013555045364108955,0.00014370826786099482,2.0585146127729817e-05,7.340826736980471e-05,6.549988231647668e-06,6.248324258594248e-05,-4.139501839269244e-05,-2.7002041255020118e-05,0.00022568685311234382,-6.573963179838507e-06,-4.00143989763085e-05,0.0002363971287672644,0.00016846155041282297,4.6827488920894865e-06,7.83287385692982e-06,-1.0979661086354107e-05,-7.998468309319033e-06,1.2185208907419197e-05,0.0002258759928947631,-1.3199623219374616e-06,-2.727590411177325e-06,2.782677297038074e-05,6.365354811680696e-05,0.00012420267426137459,4.087761629948276e-05,-3.974771803081196e-06,-2.1397831328057848e-05,0.00043694741598353796,0.00010373251894303728,0.00045448597815733076,3.227441062932675e-05,0.0002044722349082646,0.00024978516967443236,-9.277412978204378e-06,0.0003981120786839951,0.0002347089360876941,0.00042245437984493307,3.7137467844759366e-05,0.00014808478543525236,5.284274958911812e-05,-4.720294168439587e-06,8.046609699709148e-05,-4.655090419486861e-06,0.001537632679685014,-1.785583479666935e-05,0.00023051558829040577,1.6789120219050376e-06,8.152961741366472e-05,0.00011466087046493333,0.00039470574319237344,3.0197853056858126e-05,-1.3025468915280467e-05,0.00014417213896991031,-2.1535626022829407e-05,4.892185840698097e-05,3.83824055992281e-05
SANB11.SA,-2.141979151950727e-05,0.00015170821403665634,-2.4271532444718115e-05,-1.5519907003682597e-05,8.503602034101577e-05,0.00021680555126021554,0.0002847459629772207,0.00011080726549919926,2.5734301300585472e-05,-2.3678947205080933e-06,6.158930555654118e-05,0.00015766835481404592,0.00022029223165423114,2.231776670476563e-05,-1.9673888922264335e-05,0.00010320275505645049,2.501764288083708e-05,2.036094681115893e-05,9.283036867238944e-05,0.0001761883873260595,-1.3388817046473938e-05,4.043241825940813e-05,9.78484599819797e-06,8.396487521414484e-06,7.753324992568456e-07,5.4687634941185854e-06,-1.1736418198433842e-05,-1.8554616959679473e-05,0.00022552793448235285,0.00025867914895579686,0.0001789918916821549,-3.851109105583944e-05,3.6701081375281486e-05,2.457375358266215e-05,5.100928338569764e-06,0.00020990893954684928,-2.5266377204369128e-05,-2.614860535958316e-05,1.3546500586668434e-05,0.00018276264994086217,5.55414901979482e-06,-3.129375968797301e-05,9.244936610272298e-05,-2.016371684856467e-05,-1.9508556229105832e-05,-3.799606869247768e-05,5.533357901738663e-06,-2.6994296771136084e-05,-2.8923518388054675e-05,0.00017796398602357223,-4.48272863901795e-05,0.00012499011256399812,-1.785583479666935e-05,0.00035068780136875307,1.9060103958575393e-06,0.000153980381161645,1.0994825439400308e-05,0.00010991321594508954,2.3158466014624094e-05,9.592236859680566e-05,-3.9898317499565824e-06,-1.264659998275243e-05,9.445236153109048e-06,8.400472196440507e-05,0.00018727595722140125
SBUB34.SA,0.0001592873653591298,1.3888998806475936e-05,0.0001977692067245216,7.422743569303354e-05,0.00011484044424350658,-7.978061317936852e-06,5.508581801673734e-06,4.44722767609512e-07,5.230629824258857e-06,0.00011906772936692053,0.00015071096776712403,3.953394109950079e-06,1.6990468328175423e-05,1.9104091512226767e-06,9.261908004028563e-05,-4.488669668900876e-05,-1.6333022549377317e-05,0.00018134620634698332,-1.6630602533784658e-05,-2.6564704582822416e-05,0.0001715564345195476,0.00014876693239461385,1.6008524814854027e-05,-8.049052285606875e-07,1.6213918372981213e-06,-6.33891973988421e-07,1.2659236554623094e-05,0.00014813117698074833,-1.1356657029688323e-05,-2.2015263180926146e-06,-1.2734631241218395e-05,9.222752901830911e-05,0.00014532015387185322,2.5633377917789846e-05,-1.1753716016771408e-06,-2.8761099555325462e-06,0.00021475149165182754,0.0001403896139850125,0.00023924035190852561,2.991037406357364e-05,0.0001825013030190023,0.00016564707880600116,-7.55795378810389e-06,0.00020412581244465754,0.00022869341136443473,0.00024333892344662202,-1.103604160936864e-05,0.0001409387132048544,0.00011410566367167592,-7.497280854742411e-06,7.88439292562651e-05,9.144328807465243e-06,0.00023051558829040577,1.9060103958575393e-06,0.0003769318366546745,-2.318706844110603e-05,4.797654615521677e-05,3.4334747358150985e-05,0.00020196995142727703,9.026632457517772e-06,3.2240562792901915e-06,0.0001644973485400771,-5.8605348138777955e-06,-6.915440603947204e-08,-1.140471139742828e-05
STBP3.SA,-5.490352583966469e-05,0.00012030890617263153,-6.1426304589690536e-06,-0.00010734355562885413,-4.633623136852663e-06,0.00015963450116886533,0.00015690863793297786,0.00012081276166408527,2.4556685098722e-05,-9.205240186751173e-05,-4.659868859439896e-05,0.00018035072220535476,0.0003258131331873028,4.18636464776943e-05,-9.187699695934894e-05,0.0001579985328046437,2.161217344876564e-05,-6.03156949118373e-05,0.00011354762665630993,0.0002515394907697614,-4.167802275558691e-05,-5.593292069466383e-05,4.516773484670688e-05,1.4209665826901866e-05,5.115839387593339e-06,2.787733275407245e-05,7.036108505474779e-05,-7.02289179921266e-05,0.00014731913851434374,0.00015686618488812963,0.00035976089198469307,-0.00010536426120595136,-8.599380787106478e-05,2.5917489374761735e-05,4.874909159928584e-06,0.0003429943574494691,-2.9916539699659105e-05,-6.977551369189616e-05,0.00018692268938663885,0.0004588296160662728,-4.499204971011263e-05,-4.6604704910311366e-05,0.00014921096819479432,-2.132747466632612e-05,-5.133671233893943e-05,1.2291961047074168e-05,-1.8376637644197688e-05,-9.079786515259249e-05,-6.997263669630026e-05,0.00018146424458980522,-9.003676126803617e-05,0.00018586470332044382,1.6789120219050376e-06,0.000153980381161645,-2.318706844110603e-05,0.0007483837422563201,-6.101366441257797e-06,0.0002775382514350814,6.06145225467591e-05,5.6468874338938946e-05,7.95025535690381e-06,-5.840277585390386e-05,2.0810215076204214e-05,0.00015984950347347777,0.0003605549599739489
SUZB3.SA,7.537137654414762e-05,1.538823785166818e-05,6.374365070630549e-05,3.111380344104977e-05,5.8325185628062605e-05,3.219675746321564e-06,2.0595868011625144e-05,1.0300810709662186e-05,1.341054919631816e-05,3.6452072812446294e-05,6.511050070307203e-05,5.492741885660798e-05,3.41777731968149e-05,6.128186103733986e-06,2.8201629579603162e-05,3.6836705044917506e-06,-1.149370181147678e-05,3.659926628851556e-05,-1.2248990346527738e-06,-1.2785684221563705e-05,5.6143499065838725e-05,5.8350233407889643e-05,8.336544512181475e-06,7.295941707162987e-06,9.59902209706901e-06,5.660452406105822e-07,1.986208090106101e-05,6.913321549513334e-05,1.885506271962241e-05,2.4644254230679572e-05,-1.940028139298567e-05,2.538621452075212e-05,6.401919198821111e-05,0.00024531190881385806,-8.23173304835327e-07,-9.351582212112899e-06,6.806401925132356e-05,3.6358251145465786e-05,8.323574114226531e-05,1.9904403641057022e-05,6.699861470100476e-05,5.803878356380196e-05,-4.513463658268325e-06,9.475733214980361e-05,6.278983628720287e-05,0.00011144024622681498,2.024309617629069e-06,7.03760544326699e-05,2.621513079193698e-05,3.063149981362332e-05,4.02002307489728e-05,0.00010500566553774953,8.152961741366472e-05,1.0994825439400308e-05,4.797654615521677e-05,-6.101366441257797e-06,0.0003852003531314183,5.9802674167482976e-05,7.648738321111489e-05,0.00012071074791488,7.127958588108299e-06,5.529295054831106e-05,1.2231426750333594e-06,6.528794894083994e-05,-4.6839671118731954e-06
TOTS3.SA,3.253233459385572e-05,0.00012569276485952576,7.820678535918729e-05,-8.493514573468562e-05,1.8515751048051585e-05,0.00012615495225547736,0.00011750189596060729,0.00010090257027411621,3.313734193283665e-05,-6.696673940306756e-05,-2.7189453718366433e-05,0.00017704580784352452,0.00034163958256647176,3.4332767793969844e-05,-6.477537547897074e-05,0.00014858591236957793,-1.1915836669332467e-06,1.3998431647073704e-06,0.00010059370716282293,0.0002059230416713047,4.740661956558164e-05,-5.934321804881278e-06,1.713804029139421e-05,1.2567294197779416e-05,4.554482405976678e-06,2.1475793858580188e-05,9.29537573278447e-06,-1.2329260982193893e-06,0.00013212322288395402,0.00012694994057183234,0.0002929413262206351,-8.259641490016672e-05,-5.4438269694164526e-05,8.01382126469604e-05,5.620387093598059e-06,0.0003208457346095728,9.121475602429006e-05,-3.8157135609099146e-05,0.000281829465912131,0.000493646200472845,1.5421033934252503e-05,5.353772222746254e-05,0.00014676209786475866,0.00010348962513747977,2.1696112254020163e-05,0.00021739814134607807,2.5274314672214872e-05,1.9764283405376487e-05,-4.759597957517173e-05,0.0001212499900805067,-7.980551622591003e-05,0.00015387312283905285,0.00011466087046493333,0.00010991321594508954,3.4334747358150985e-05,0.0002775382514350814,5.9802674167482976e-05,0.0006085949625628384,0.00018499899601561205,3.425868334710742e-05,1.0482749968278972e-05,-9.867450111063385e-06,2.0975054994377184e-05,0.0002188219885731602,0.0002908753975745832
TSLA34.SA,0.0003324810308386715,4.559629979602676e-05,0.00038074632217234165,5.9913806887854676e-05,0.00014091852494655025,6.2697221157794195e-06,3.9439734987052366e-05,9.19517342321891e-06,3.88003413670262e-06,8.963715052464e-05,0.0001742182464723295,6.178194256188681e-05,0.00010944010065976215,4.013306111611719e-06,4.978641089986283e-05,-4.587214647199608e-05,-4.6564350556686344e-05,0.00020712350417499337,7.178138585617409e-06,-3.388568732237134e-05,0.00030019050203137696,0.00016596262533215414,-7.297449232044614e-06,1.5387317716698816e-05,2.1998123501370208e-05,4.6697791089480854e-06,-2.78183930567998e-05,0.00025478208378109507,2.267874628607771e-05,1.9667106870005585e-05,6.994164899298056e-05,2.7826417149240485e-05,0.00014504611652025,7.790107976478505e-05,8.964143489449827e-06,3.080623535858449e-05,0.00034038309899722956,8.433781586213415e-05,0.0005536166123225636,0.000147775363386336,0.00018274246363788498,0.0002867985119075516,-8.53098973033362e-06,0.00040300106522762435,0.00022019482658664201,0.000610729678803615,-1.0467104575137795e-05,0.00015206792616322384,5.764597897425386e-05,5.1007530517730876e-05,5.7661153811734836e-05,0.00010756077034942899,0.00039470574319237344,2.3158466014624094e-05,0.00020196995142727703,6.06145225467591e-05,7.648738321111489e-05,0.00018499899601561205,0.0013382409367949984,7.646601339310104e-05,-2.1774786529071648e-05,0.0001723451128514832,1.9973976464636067e-05,0.00011319981853039254,5.564514197700422e-05
VALE3.SA,4.856249113743345e-07,3.1329050694718115e-05,2.903737670666741e-05,1.3256492608917384e-05,6.489990569955954e-05,8.071478033820947e-05,0.00010152112393159865,3.890472110691943e-05,9.838677307848036e-06,2.3372190500480627e-05,6.147596061320441e-05,0.00013927467612785284,8.123986054278305e-05,1.6055125571170837e-05,-1.5946159135682658e-05,9.102811490052139e-06,-2.80797414199423e-06,3.2517514693132366e-05,1.3035786387174149e-05,6.29797131559559e-05,2.786263367101924e-05,5.7253028501544314e-05,4.905260155827028e-06,7.58579752065388e-06,-4.9323369721299646e-06,3.5024231139388547e-06,1.5124041474176174e-05,5.7630443708880634e-05,8.183503431404895e-05,9.256860989691467e-05,4.082516889425704e-05,-3.3724847992716056e-05,3.966224638484445e-05,0.00010121117140780442,-2.617081216241388e-06,4.444101017678463e-05,3.949884622412154e-05,-1.99514106899627e-05,8.729107736535763e-05,7.83710670194654e-05,2.0241476852291565e-05,4.817099324776294e-06,1.8707433610130585e-05,3.352479898437818e-05,4.694602504186301e-05,6.770976375789552e-05,4.657902424763807e-05,1.084653411140088e-05,-3.6663099350995554e-05,0.0001477426171675986,-1.1074407210540713e-05,0.0002156158651358556,3.0197853056858126e-05,9.592236859680566e-05,9.026632457517772e-06,5.6468874338938946e-05,0.00012071074791488,3.425868334710742e-05,7.646601339310104e-05,0.00045763840541316404,1.0152074653275115e-05,2.536427122446506e-05,3.846813235205478e-06,6.908853453793319e-05,7.631101607133725e-05
VILG11.SA,-7.271005924581637e-06,6.510079640851291e-06,-5.620157276893064e-06,-1.613634207300895e-05,-1.366085611356472e-07,5.1557554746498436e-06,8.852811792398554e-06,-1.8707073107238868e-07,2.72623410081536e-05,-2.355498513889822e-06,-1.0844821653302847e-05,1.0929831795230106e-05,1.976518462952848e-05,2.503901159529925e-05,-7.988325197457755e-08,5.789191633341459e-06,1.445406705969458e-05,1.2650535107519265e-05,1.0137306251099832e-05,1.039668455695386e-05,-4.0024750464371636e-06,-4.257598576877811e-06,1.283884872296631e-05,1.8548969242118517e-05,3.449926016677487e-05,2.6340132038716022e-05,8.315491638921866e-06,-6.804865582707298e-06,3.5893602267339683e-06,5.689979260192474e-06,2.5572661948184453e-05,1.5853551329626027e-06,-8.395827520539633e-06,1.0431226831805198e-05,8.151060225295774e-06,1.827661133876478e-05,-2.2310931719135945e-06,8.91941527325958e-06,1.3353728524805462e-05,5.250055059493982e-05,-7.232215684316416e-07,-4.063457346136829e-06,8.72503489488094e-06,-4.914532165275965e-07,-1.1285885348294142e-06,-1.8853925320999443e-05,3.782421729746411e-05,3.117488800977335e-06,3.534163714812365e-06,4.359078986290228e-06,-7.281696148681668e-06,3.3612617012507624e-05,-1.3025468915280467e-05,-3.9898317499565824e-06,3.2240562792901915e-06,7.95025535690381e-06,7.127958588108299e-06,1.0482749968278972e-05,-2.1774786529071648e-05,1.0152074653275115e-05,0.00012138330143520305,4.16765976325294e-06,2.4569176368139146e-05,1.2821387412721567e-05,1.7649273101019016e-05
VISA34.SA,0.00017842920954551388,-2.0995734868537283e-05,0.00018114888115499606,0.00011255429030838744,0.00010488265987417545,-2.2362424452889035e-05,-9.073140789274577e-07,-9.641920501113775e-06,4.415331686436852e-06,0.00014141611239372362,0.00016904759093162134,-1.0620865081245321e-05,-2.844810376390761e-05,-4.163893090165089e-06,0.00011309043279335004,-6.339170982838661e-05,-9.39607247974122e-06,0.00018398718714470762,-3.327005738947834e-05,-4.603757690530261e-05,0.00018700260571556163,0.00014942000222230002,7.385651338210429e-06,2.871083729149324e-06,-1.372240291274749e-06,3.6648055207418054e-06,3.970081638622134e-05,0.00015061392484750453,-9.966160202303664e-06,1.918807438435428e-06,-4.456157594489314e-05,0.00010898803566673655,0.00017222142279252716,3.24696809381639e-05,2.5461082042257798e-06,-3.9855921139789245e-05,0.00020992835413011896,0.00012085426042297122,0.0002024250368139042,-4.1375523846352644e-05,0.00027715889273152234,0.00018024634250573366,-2.415687488463018e-05,0.00017877108483811522,0.0001990986241722696,0.0002277692665781174,-1.0816058925662175e-05,0.0001500178645685718,0.0001065579579599956,-3.298182715629741e-05,0.00011178334680359535,7.837168216051145e-06,0.00014417213896991031,-1.264659998275243e-05,0.0001644973485400771,-5.840277585390386e-05,5.529295054831106e-05,-9.867450111063385e-06,0.0001723451128514832,2.536427122446506e-05,4.16765976325294e-06,0.0003653199608252445,8.182853537842771e-06,-1.0931266693165672e-06,-3.214019460934045e-05
VISC11.SA,-4.597222344558072e-07,7.160623931780952e-06,-3.4986655728948028e-06,1.5444642215063134e-06,-4.325129191050083e-06,2.286569671998642e-05,1.773232041597654e-05,1.5610409390796492e-05,2.6374821220942494e-05,-1.7059474727400195e-06,-5.14285001934085e-06,1.4280809642271294e-05,1.462927093347547e-05,2.7790416673322635e-05,-2.497014973783654e-06,7.064481120157798e-06,3.762235291970961e-07,7.178626994209219e-06,1.19819303363171e-06,1.3152171533723522e-05,1.3200579002411937e-06,6.81354110800172e-06,1.4085956000939963e-05,1.561796660049791e-05,1.5777773330221225e-05,2.3509798554012847e-05,-1.8150046267801347e-06,-6.799810463503722e-06,1.555828958126045e-05,1.7203325487357696e-05,3.122742051728427e-05,-5.321878122265132e-06,1.243579938944789e-06,5.541772531931171e-06,7.927237286899836e-06,1.8876524143021856e-05,-6.830535015556421e-06,4.2078541374356574e-07,1.4018312606936936e-05,1.893135342314226e-05,2.8727263460693933e-06,-4.855449293570824e-06,1.19805778915947e-05,-7.848458809567482e-06,-1.7831345489891855e-05,-1.2213546360129824e-05,1.7568309153254644e-05,-3.5948831668132895e-06,-4.440879990049302e-06,2.687486022513474e-05,3.067954646773244e-06,2.0759847129121783e-05,-2.1535626022829407e-05,9.445236153109048e-06,-5.8605348138777955e-06,2.0810215076204214e-05,1.2231426750333594e-06,2.0975054994377184e-05,1.9973976464636067e-05,3.846813235205478e-06,2.4569176368139146e-05,8.182853537842771e-06,8.013380215075375e-05,1.5699248599560215e-05,3.6093219949552095e-06
WEGE3.SA,2.173981617686218e-05,0.00010312836269636611,3.96107449064662e-05,-2.1756143304273558e-05,-1.0053504338591394e-05,8.567869721578524e-05,7.896126489495037e-05,9.060339193038161e-05,2.062004276749534e-05,-3.67937138218849e-05,6.82801484778776e-07,0.00013037474631341316,0.00019950900667357226,2.591491636087751e-05,-3.354601666661725e-05,9.447178021953867e-05,-1.1275826832289118e-05,-1.7417567823324807e-05,7.433016690605202e-05,0.00014566336704763605,2.0861855230942958e-05,7.826003936778369e-06,-4.762840574223731e-06,1.928567660761504e-05,4.58523995488449e-06,1.9651640652082788e-05,2.876321124770429e-05,-2.2507030841943827e-06,0.00010533130011350178,9.381203642475208e-05,0.00018948278413223545,-4.085978315697755e-05,-1.699942144863827e-05,7.69770264464632e-05,3.8060400304338674e-06,0.00017004121353754204,2.6506071173205638e-05,-3.075991764138677e-05,0.00016884225472842487,0.0002459956235289415,2.3019739252394957e-05,1.96661575265353e-05,9.941424942652714e-05,4.227121957747462e-05,2.6183790426664855e-06,9.822979617282629e-05,2.1159516241086444e-05,-4.699605824158918e-06,-4.094806385240073e-05,7.876715140014546e-05,-3.197275256337273e-05,0.0001123156254097715,4.892185840698097e-05,8.400472196440507e-05,-6.915440603947204e-08,0.00015984950347347777,6.528794894083994e-05,0.0002188219885731602,0.00011319981853039254,6.908853453793319e-05,1.2821387412721567e-05,-1.0931266693165672e-06,1.5699248599560215e-05,0.00044274804679875516,0.0001664157531408175
ZAMP3.SA,-4.2541553569431896e-05,0.00013577046563432275,-1.0058134972892381e-05,-7.907165344086856e-05,-9.02373517677994e-06,0.00020405142798299463,0.00021948890168456626,0.00013644052423478776,2.710864638939371e-05,-7.326766307280084e-05,2.7950137079632922e-06,0.000203868522876279,0.00036228647815112635,4.653219676209423e-05,-6.435205407042607e-05,0.00014581597760649525,-2.6195689560393966e-05,2.75964903416714e-05,0.00010108828955200097,0.00026861717073897544,-3.937433871988511e-05,-3.185364908532982e-05,1.861814943420348e-05,1.4849182070124539e-05,1.5377462648425123e-05,1.9215527398973883e-05,3.1757882403633345e-05,-3.468474777500085e-05,0.00018748027972084543,0.00019056167145378367,0.0003622048623789131,-0.00011380094193567134,-2.4506390209622405e-05,6.358002853700735e-05,1.1624996177041005e-05,0.0004533848956853953,1.5854790785949897e-05,-6.522340933503711e-05,0.00015326817824311113,0.0005646407459538942,-1.664242964527282e-05,-2.5924881252477727e-05,0.00015874993159072307,-2.950564678466091e-05,-2.4251883352267864e-05,6.272704440894227e-05,-3.177571470166965e-05,-0.00011649569946002126,-9.147769351602631e-05,0.00022467975356260534,-9.297392781129164e-05,0.00016645905380745585,3.83824055992281e-05,0.00018727595722140125,-1.140471139742828e-05,0.0003605549599739489,-4.6839671118731954e-06,0.0002908753975745832,5.564514197700422e-05,7.631101607133725e-05,1.7649273101019016e-05,-3.214019460934045e-05,3.6093219949552095e-06,0.0001664157531408175,0.0012350064450824482
