date,close
2013-04-29,6.0666913986206055
2013-04-30,6.231150150299072
2013-05-02,6.395608901977539
2013-05-03,6.486974716186523
2013-05-06,6.552757740020752
2013-05-07,6.538140773773193
2013-05-08,6.395608901977539
2013-05-09,6.486974716186523
2013-05-10,6.545449733734131
2013-05-13,6.516211032867432
2013-05-14,6.57834005355835
2013-05-15,6.7245259284973145
2013-05-16,6.870710849761963
2013-05-17,6.885329723358154
2013-05-20,6.782998085021973
2013-05-21,6.761073112487793
2013-05-22,6.66970682144165
2013-05-23,6.519866943359375
2013-05-24,6.592958927154541
2013-05-27,6.592958927154541
2013-05-28,6.706254482269287
2013-05-29,6.611232280731201
2013-05-31,6.750107765197754
2013-06-03,6.65143346786499
2013-06-04,6.5052490234375
2013-06-05,6.486974716186523
2013-06-06,6.5052490234375
2013-06-07,6.541795253753662
2013-06-10,6.560067176818848
2013-06-11,6.380990028381348
2013-06-12,6.304243087768555
2013-06-13,6.541795253753662
2013-06-14,6.6295061111450195
2013-06-17,6.614887714385986
2013-06-18,6.57103157043457
2013-06-19,6.366372585296631
2013-06-20,6.289625644683838
2013-06-21,6.373681545257568
2013-06-24,6.19460391998291
2013-06-25,6.103237628936768
2013-06-26,6.150747776031494
2013-06-27,6.3188605308532715
2013-06-28,6.432154178619385
2013-07-01,6.395608901977539
2013-07-02,6.2823166847229
2013-07-03,6.304243087768555
2013-07-04,6.479666709899902
2013-07-05,6.432154178619385
2013-07-08,6.541795253753662
2013-07-10,6.486974716186523
2013-07-11,6.541795253753662
2013-07-12,6.476009368896484
2013-07-15,6.435810089111328
2013-07-16,6.362718105316162
2013-07-17,6.563722133636475
2013-07-18,6.596614837646484
2013-07-19,6.560067176818848
2013-07-22,6.57834005355835
2013-07-23,6.57834005355835
2013-07-24,6.596614837646484
2013-07-25,6.618539810180664
2013-07-26,6.618539810180664
2013-07-29,6.633162498474121
2013-07-30,6.720871925354004
2013-07-31,6.739144325256348
2013-08-01,6.82319974899292
2013-08-02,6.94014835357666
2013-08-05,7.08998966217041
2013-08-06,7.08998966217041
2013-08-07,7.163081645965576
2013-08-08,7.272720813751221
2013-08-09,7.287338733673096
2013-08-12,7.130189418792725
2013-08-13,7.185011386871338
2013-08-14,7.08998966217041
2013-08-15,7.08998966217041
2013-08-16,7.057097434997559
2013-08-19,6.673361778259277
2013-08-20,6.806037902832031
2013-08-21,6.907005310058594
2013-08-22,7.000494956970215
2013-08-23,7.22113037109375
2013-08-26,7.101462364196777
2013-08-27,7.090244293212891
2013-08-28,7.056590557098389
2013-08-29,7.105203628540039
2013-08-30,7.194953918457031
2013-09-02,7.179996013641357
2013-09-03,7.17625617980957
2013-09-04,7.172514915466309
2013-09-05,7.310880661010742
2013-09-06,7.441765308380127
2013-09-09,7.651181697845459
2013-09-10,7.7446699142456055
2013-09-11,7.800766944885254
2013-09-12,7.856858253479004
2013-09-13,7.830682277679443
2013-09-16,7.808244228363037
2013-09-17,7.920431613922119
2013-09-18,8.189682006835938
2013-09-19,8.133589744567871
2013-09-20,8.040099143981934
2013-09-23,7.998964309692383
2013-09-24,8.028878211975098
2013-09-25,8.170984268188477
2013-09-26,8.189682006835938
2013-09-27,8.286911010742188
2013-09-30,8.156026840209961
2013-10-01,8.39909839630127
2013-10-02,8.264472961425781
2013-10-03,8.077494621276855
2013-10-04,8.077494621276855
2013-10-07,8.223339080810547
2013-10-08,8.369182586669922
2013-10-09,8.541204452514648
2013-10-10,8.750618934631348
2013-10-11,8.724441528320312
2013-10-14,8.821670532226562
2013-10-15,8.881505012512207
2013-10-16,8.806713104248047
2013-10-17,8.937599182128906
2013-10-18,9.061005592346191
2013-10-21,9.049786567687988
2013-10-22,9.057263374328613
2013-10-23,8.825411796569824
2013-10-24,8.971254348754883
2013-10-25,8.896463394165039
2013-10-28,8.918902397155762
2013-10-29,8.874024391174316
2013-10-30,9.027347564697266
2013-10-31,9.15075397491455
2013-11-01,9.23676586151123
2013-11-04,9.072222709655762
2013-11-05,8.918902397155762
2013-11-06,8.698265075683594
2013-11-07,8.638433456420898
2013-11-08,8.675829887390137
2013-11-11,8.847846031188965
2013-11-12,8.586076736450195
2013-11-13,8.855329513549805
2013-11-14,9.023608207702637
2013-11-18,9.01239013671875
2013-11-19,8.888981819152832
2013-11-21,9.01239013671875
2013-11-22,9.019869804382324
2013-11-25,9.057263374328613
2013-11-26,9.124577522277832
2013-11-27,9.135796546936035
2013-11-28,9.405045509338379
2013-11-29,9.498536109924316
2013-12-02,9.491056442260742
2013-12-03,9.386346817016602
2013-12-04,9.173192024230957
2013-12-05,9.113357543945312
2013-12-06,9.001172065734863
2013-12-09,9.098401069641113
2013-12-10,9.124577522277832
2013-12-11,9.105880737304688
2013-12-12,8.967514038085938
2013-12-13,9.027347564697266
2013-12-16,9.027347564697266
2013-12-17,9.117098808288574
2013-12-18,9.098401069641113
2013-12-19,9.180671691894531
2013-12-20,9.075963020324707
2013-12-23,8.95629596710205
2013-12-26,8.855329513549805
2013-12-27,9.038568496704102
2013-12-30,9.16197395324707
2014-01-02,8.95629596710205
2014-01-03,8.761838912963867
2014-01-06,8.638433456420898
2014-01-07,8.582337379455566
2014-01-08,8.690786361694336
2014-01-09,8.500067710876465
2014-01-10,8.61225414276123
2014-01-13,8.653389930725098
2014-01-14,8.780534744262695
2014-01-15,8.960034370422363
2014-01-16,9.031086921691895
2014-01-17,8.963775634765625
2014-01-20,8.933856010437012
2014-01-21,8.874024391174316
2014-01-22,9.031086921691895
2014-01-23,8.937599182128906
2014-01-24,8.709482192993164
2014-01-27,8.61225414276123
2014-01-28,8.638433456420898
2014-01-29,8.526244163513184
2014-01-30,8.473888397216797
2014-01-31,8.488848686218262
2014-02-03,8.163505554199219
2014-02-04,8.331786155700684
2014-02-05,8.515026092529297
2014-02-06,8.855329513549805
2014-02-07,8.731921195983887
2014-02-10,8.78801441192627
2014-02-11,9.16197395324707
2014-02-12,8.937599182128906
2014-02-13,8.974994659423828
2014-02-14,8.881505012512207
2014-02-17,9.038599014282227
2014-02-18,8.954230308532715
2014-02-19,8.996411323547363
2014-02-20,9.004082679748535
2014-02-21,9.011752128601074
2014-02-24,8.931222915649414
2014-02-25,9.011752128601074
2014-02-26,8.99257755279541
2014-02-27,9.030926704406738
2014-02-28,8.935057640075684
2014-03-05,8.98491096496582
2014-03-06,9.01942253112793
2014-03-07,8.896708488464355
2014-03-10,8.747153282165527
2014-03-11,8.647448539733887
2014-03-12,8.582257270812988
2014-03-13,8.517064094543457
2014-03-14,8.578421592712402
2014-03-17,8.589926719665527
2014-03-18,8.931222915649414
2014-03-19,9.138299942016602
2014-03-20,9.092284202575684
2014-03-21,8.919718742370605
2014-03-24,9.050101280212402
2014-03-25,9.184318542480469
2014-03-26,9.084614753723145
2014-03-27,9.26101303100586
2014-03-28,9.26101303100586
2014-03-31,9.629155158996582
2014-04-01,9.702016830444336
2014-04-02,9.774876594543457
2014-04-03,9.698180198669434
2014-04-04,9.644492149353027
2014-04-07,9.878416061401367
2014-04-08,9.609979629516602
2014-04-09,9.632987022399902
2014-04-10,9.606146812438965
2014-04-11,9.855405807495117
2014-04-14,9.95511245727539
2014-04-15,10.047146797180176
2014-04-16,10.085494995117188
2014-04-17,10.100835800170898
2014-04-22,10.143016815185547
2014-04-23,10.12000560760498
2014-04-24,10.242717742919922
2014-04-25,10.104669570922852
2014-04-28,10.139181137084961
2014-04-29,10.162188529968262
2014-04-30,10.027970314025879
2014-05-02,10.215877532958984
2014-05-05,10.373103141784668
2014-05-06,10.737409591674805
2014-05-07,10.737409591674805
2014-05-08,10.814102172851562
2014-05-09,10.833279609680176
2014-05-12,10.890799522399902
2014-05-13,10.814102172851562
2014-05-14,10.929144859313965
2014-05-15,10.986669540405273
2014-05-16,11.005843162536621
2014-05-19,11.044191360473633
2014-05-20,10.940651893615723
2014-05-21,10.718233108520508
2014-05-22,10.810269355773926
2014-05-23,10.794929504394531
2014-05-26,11.025016784667969
2014-05-27,10.706730842590332
2014-05-28,10.794929504394531
2014-05-29,10.75274658203125
2014-05-30,10.929144859313965
2014-06-02,10.952157020568848
2014-06-03,11.274280548095703
2014-06-04,11.389321327209473
2014-06-05,11.573391914367676
2014-06-06,11.745957374572754
2014-06-09,11.945364952087402
2014-06-10,12.271323204040527
2014-06-11,12.225308418273926
2014-06-13,12.424715995788574
2014-06-16,12.555099487304688
2014-06-17,12.236809730529785
2014-06-18,12.40554141998291
2014-06-20,12.183122634887695
2014-06-23,12.006725311279297
2014-06-24,12.46689510345459
2014-06-25,12.271323204040527
2014-06-26,12.478404998779297
2014-06-27,12.344184875488281
2014-06-30,12.44005298614502
2014-07-01,12.673975944519043
2014-07-02,12.46306324005127
2014-07-03,12.539753913879395
2014-07-04,12.578107833862305
2014-07-07,12.539753913879395
2014-07-08,12.666305541992188
2014-07-10,12.796688079833984
2014-07-11,12.739168167114258
2014-07-14,12.650968551635742
2014-07-15,12.597282409667969
2014-07-16,12.382532119750977
2014-07-17,12.359521865844727
2014-07-18,12.562767028808594
2014-07-21,12.996097564697266
2014-07-22,13.118813514709473
2014-07-23,13.249197006225586
2014-07-24,13.383411407470703
2014-07-25,13.444769859313965
2014-07-28,13.475448608398438
2014-07-29,13.318218231201172
2014-07-30,13.030611038208008
2014-07-31,12.69315242767334
2014-08-01,13.057455062866211
2014-08-04,13.11497688293457
2014-08-05,12.82353401184082
2014-08-06,12.424715995788574
2014-08-07,12.382532119750977
2014-08-08,12.313505172729492
2014-08-11,12.631793975830078
2014-08-12,12.846543312072754
2014-08-13,12.942410469055176
2014-08-14,12.980756759643555
2014-08-15,13.122645378112793
2014-08-18,13.164830207824707
2014-08-19,13.444913864135742
2014-08-20,13.152207374572754
2014-08-21,13.210745811462402
2014-08-22,13.171720504760742
2014-08-25,13.54638385772705
2014-08-26,13.776646614074707
2014-08-27,13.698590278625488
2014-08-28,13.620535850524902
2014-08-29,13.928853034973145
2014-09-01,13.690783500671387
2014-09-02,13.519063949584961
2014-09-03,13.659562110900879
2014-09-04,13.823477745056152
2014-09-05,13.698590278625488
2014-09-08,13.417595863342285
2014-09-09,13.273191452026367
2014-09-10,13.230263710021973
2014-09-11,13.32783031463623
2014-09-12,12.765835762023926
2014-09-15,12.734615325927734
2014-09-16,12.976583480834961
2014-09-17,12.886822700500488
2014-09-18,12.574603080749512
2014-09-19,12.644855499267578
2014-09-22,12.37946605682373
2014-09-23,12.293606758117676
2014-09-24,12.48483943939209
2014-09-25,12.48483943939209
2014-09-26,12.17652416229248
2014-09-29,12.410688400268555
2014-09-30,12.566797256469727
2014-10-01,12.375563621520996
2014-10-02,12.332632064819336
2014-10-03,12.371660232543945
2014-10-06,12.508256912231445
2014-10-07,12.492646217346191
2014-10-08,12.33653736114502
2014-10-09,12.32482624053955
2014-10-10,11.883818626403809
2014-10-13,12.157012939453125
2014-10-14,12.180427551269531
2014-10-15,11.918943405151367
2014-10-16,11.606724739074707
2014-10-17,11.86430549621582
2014-10-20,11.610627174377441
2014-10-21,11.454520225524902
2014-10-22,11.462326049804688
2014-10-23,11.181329727172852
2014-10-24,11.216450691223145
2014-10-27,11.552087783813477
2014-10-28,11.961877822875977
2014-10-29,12.098470687866211
2014-10-30,12.473129272460938
2014-10-31,12.902434349060059
2014-11-03,12.804863929748535
2014-11-04,12.859503746032715
2014-11-05,12.73071002960205
2014-11-06,12.223357200622559
2014-11-07,12.33653736114502
2014-11-10,12.52777099609375
2014-11-11,12.469231605529785
2014-11-12,12.609726905822754
2014-11-13,12.21555233001709
2014-11-14,12.098470687866211
2014-11-17,12.168720245361328
2014-11-18,12.609726905822754
2014-11-19,12.992191314697266
2014-11-21,13.561994552612305
2014-11-24,13.035124778747559
2014-11-25,13.074151992797852
2014-11-26,13.035124778747559
2014-11-27,13.066349029541016
2014-11-28,13.08195686340332
2014-12-01,12.473129272460938
2014-12-02,12.519966125488281
2014-12-03,12.356049537658691
2014-12-04,12.367759704589844
2014-12-05,12.48874282836914
2014-12-08,12.309218406677246
2014-12-09,12.37946605682373
2014-12-10,12.35214900970459
2014-12-11,12.430204391479492
2014-12-12,12.21555233001709
2014-12-15,12.008707046508789
2014-12-16,11.770641326904297
2014-12-17,12.129693984985352
2014-12-18,12.102373123168945
2014-12-19,12.117981910705566
2014-12-22,12.157012939453125
2014-12-23,12.285801887512207
2014-12-26,12.769742012023926
2014-12-29,12.617534637451172
2014-12-30,12.438009262084961
2015-01-02,11.844794273376465
2015-01-05,11.489645004272461
2015-01-06,11.977484703063965
2015-01-07,11.786251068115234
2015-01-08,11.751127243041992
2015-01-09,11.368657112121582
2015-01-12,11.630144119262695
2015-01-13,11.388174057006836
2015-01-14,11.193037033081055
2015-01-15,11.415491104125977
2015-01-16,11.825278282165527
2015-01-19,11.552087783813477
2015-01-20,11.384267807006836
2015-01-21,11.844794273376465
2015-01-22,11.872111320495605
2015-01-23,11.766738891601562
2015-01-26,11.696491241455078
2015-01-27,11.544279098510742
2015-01-28,11.282797813415527
2015-01-29,11.520865440368652
2015-01-30,11.626241683959961
2015-02-02,11.700392723083496
2015-02-03,11.809670448303223
2015-02-04,11.782349586486816
2015-02-05,11.762832641601562
2015-02-06,11.446714401245117
2015-02-09,11.72770881652832
2015-02-10,11.438905715942383
2015-02-11,11.50915813446045
2015-02-12,11.805763244628906
2015-02-13,12.016125679016113
2015-02-18,12.136324882507324
2015-02-19,12.661203384399414
2015-02-20,12.757369041442871
2015-02-23,12.821474075317383
2015-02-24,13.089921951293945
2015-02-25,13.182076454162598
2015-02-26,13.246184349060059
2015-02-27,12.885581970214844
2015-03-02,13.06187629699707
2015-03-03,13.125983238220215
2015-03-04,12.725312232971191
2015-03-05,12.629152297973633
2015-03-06,12.200433731079102
2015-03-09,11.960030555725098
2015-03-10,12.00009822845459
2015-03-11,12.236491203308105
2015-03-12,11.95201587677002
2015-03-13,11.827810287475586
2015-03-16,12.060197830200195
2015-03-17,12.637165069580078
2015-03-18,13.089921951293945
2015-03-19,13.109957695007324
2015-03-20,13.101943969726562
2015-03-23,13.142010688781738
2015-03-24,13.166050910949707
2015-03-25,13.125983238220215
2015-03-26,12.709284782409668
2015-03-27,12.773391723632812
2015-03-30,13.1620454788208
2015-03-31,13.170058250427246
2015-04-01,13.402448654174805
2015-04-02,13.81113052368164
2015-04-06,14.420151710510254
2015-04-07,13.943350791931152
2015-04-08,13.542684555053711
2015-04-09,13.602784156799316
2015-04-10,14.187760353088379
2015-04-13,14.151703834533691
2015-04-14,13.983420372009277
2015-04-15,14.4281644821167
2015-04-16,14.500283241271973
2015-04-17,14.183754920959473
2015-04-20,14.031498908996582
2015-04-22,14.219815254211426
2015-04-23,14.624495506286621
2015-04-24,14.46021556854248
2015-04-27,13.815135955810547
2015-04-28,14.035505294799805
2015-04-29,13.887259483337402
2015-04-30,14.099613189697266
2015-05-04,14.067557334899902
2015-05-05,14.07957935333252
2015-05-06,14.404126167297363
2015-05-07,14.520318031311035
2015-05-08,14.977082252502441
2015-05-11,14.949040412902832
2015-05-12,14.728667259216309
2015-05-13,14.556379318237305
2015-05-14,14.540352821350098
2015-05-15,14.704628944396973
2015-05-18,14.396111488342285
2015-05-19,14.115639686584473
2015-05-20,13.91931438446045
2015-05-21,14.099613189697266
2015-05-22,13.542684555053711
2015-05-25,13.730996131896973
2015-05-26,13.654870986938477
2015-05-27,13.622815132141113
2015-05-28,13.739014625549316
2015-05-29,13.354369163513184
2015-06-01,13.462546348571777
2015-06-02,13.883252143859863
2015-06-03,13.718976020812988
2015-06-05,13.58675479888916
2015-06-08,13.8632173538208
2015-06-09,13.454536437988281
2015-06-10,13.598775863647461
2015-06-11,13.450528144836426
2015-06-12,13.234166145324707
2015-06-15,13.142010688781738
2015-06-16,13.382413864135742
2015-06-17,13.342348098754883
2015-06-18,13.666890144348145
2015-06-19,13.566722869873047
2015-06-22,13.702951431274414
2015-06-23,13.783082962036133
2015-06-24,13.787089347839355
2015-06-25,14.19978141784668
2015-06-26,13.96338939666748
2015-06-29,13.935338020324707
2015-06-30,13.630828857421875
2015-07-01,13.730996131896973
2015-07-02,13.79910945892334
2015-07-03,13.606791496276855
2015-07-06,13.594767570495605
2015-07-07,13.542684555053711
2015-07-08,13.262210845947266
2015-07-10,13.482583045959473
2015-07-13,13.598775863647461
2015-07-14,13.542684555053711
2015-07-15,13.602784156799316
2015-07-16,13.450528144836426
2015-07-17,13.246184349060059
2015-07-20,13.06588077545166
2015-07-21,13.1620454788208
2015-07-22,12.901609420776367
2015-07-23,12.176390647888184
2015-07-24,12.192420959472656
2015-07-27,12.156359672546387
2015-07-28,12.404777526855469
2015-07-29,12.617133140563965
2015-07-30,12.813460350036621
2015-07-31,12.905614852905273
2015-08-03,12.829485893249512
2015-08-04,12.605108261108398
2015-08-05,12.344674110412598
2015-08-06,12.020132064819336
2015-08-07,12.06821346282959
2015-08-10,12.773391723632812
2015-08-11,13.178067207336426
2015-08-12,12.444844245910645
2015-08-13,12.574244499206543
2015-08-14,12.44227409362793
2015-08-17,12.487638473510742
2015-08-18,12.867053985595703
2015-08-19,12.768074035644531
2015-08-20,12.41340446472168
2015-08-21,12.256689071655273
2015-08-24,11.959756851196289
2015-08-25,11.836037635803223
2015-08-26,12.219576835632324
2015-08-27,12.475265502929688
2015-08-28,12.248443603515625
2015-08-31,11.836037635803223
2015-09-01,11.452500343322754
2015-09-02,11.361770629882812
2015-09-03,11.74118709564209
2015-09-04,11.28753662109375
2015-09-08,10.96998405456543
2015-09-09,10.701920509338379
2015-09-10,10.508089065551758
2015-09-11,11.114326477050781
2015-09-14,11.5267333984375
2015-09-15,11.460746765136719
2015-09-16,11.831911087036133
2015-09-17,11.596842765808105
2015-09-18,11.05659008026123
2015-09-21,10.805023193359375
2015-09-22,10.541084289550781
2015-09-23,10.27302074432373
2015-09-24,10.37199878692627
2015-09-25,10.310136795043945
2015-09-28,10.054447174072266
2015-09-29,9.89773178100586
2015-09-30,10.231780052185059
2015-10-01,10.334880828857422
2015-10-02,10.99885368347168
2015-10-05,11.118450164794922
2015-10-06,11.126700401306152
2015-10-07,11.671074867248535
2015-10-08,11.654579162597656
2015-10-09,12.079357147216797
2015-10-13,11.897894859313965
2015-10-14,11.629834175109863
2015-10-15,11.633957862854004
2015-10-16,11.836037635803223
2015-10-19,12.02574348449707
2015-10-20,11.737060546875
2015-10-21,11.728811264038086
2015-10-22,11.778299331665039
2015-10-23,11.732937812805176
2015-10-26,11.662827491760254
2015-10-27,11.398887634277344
2015-10-28,11.567975044250488
2015-10-29,10.957613945007324
2015-10-30,10.96998405456543
2015-11-03,11.633957862854004
2015-11-04,11.609213829040527
2015-11-05,12.04223918914795
2015-11-06,11.770051002502441
2015-11-09,11.34114933013916
2015-11-10,11.563848495483398
2015-11-11,11.489616394042969
2015-11-12,11.530856132507324
2015-11-13,11.337026596069336
2015-11-16,11.596842765808105
2015-11-17,11.629834175109863
2015-11-18,11.74118709564209
2015-11-19,12.04223918914795
2015-11-23,11.753557205200195
2015-11-24,11.864904403686523
2015-11-25,11.54735279083252
2015-11-26,11.732937812805176
2015-11-27,11.176186561584473
2015-11-30,10.710168838500977
2015-12-01,11.007102966308594
2015-12-02,10.763781547546387
2015-12-03,11.671074867248535
2015-12-04,11.101954460144043
2015-12-07,11.361770629882812
2015-12-08,10.928741455078125
2015-12-09,11.753557205200195
2015-12-10,11.567975044250488
2015-12-11,11.588592529296875
2015-12-14,11.440130233764648
2015-12-15,11.023598670959473
2015-12-16,11.15556812286377
2015-12-17,11.233924865722656
2015-12-18,10.413237571716309
2015-12-21,10.157546043395996
2015-12-22,10.08743667602539
2015-12-23,10.24002742767334
2015-12-28,10.046195983886719
2015-12-29,9.938971519470215
2015-12-30,10.03382396697998
2016-01-04,9.415217399597168
2016-01-05,10.017328262329102
2016-01-06,9.938971519470215
2016-01-07,9.547186851501465
2016-01-08,9.728644371032715
2016-01-11,9.423467636108398
2016-01-12,9.580179214477539
2016-01-13,9.501821517944336
2016-01-14,9.815248489379883
2016-01-15,9.40284538269043
2016-01-18,9.17602252960205
2016-01-19,9.357481956481934
2016-01-20,9.46058177947998
2016-01-21,8.957446098327637
2016-01-22,9.06467342376709
2016-01-26,8.660513877868652
2016-01-27,8.685259819030762
2016-01-28,8.969820022583008
2016-01-29,9.538938522338867
2016-02-01,9.691529273986816
2016-02-02,9.279122352600098
2016-02-03,9.514193534851074
2016-02-04,9.666784286499023
2016-02-05,9.89773178100586
2016-02-10,9.89773178100586
2016-02-11,9.526565551757812
2016-02-12,9.526565551757812
2016-02-15,9.695652961730957
2016-02-16,9.77401065826416
2016-02-17,10.231780052185059
2016-02-18,9.918350219726562
2016-02-19,9.984336853027344
2016-02-22,10.413237571716309
2016-02-23,10.322508811950684
2016-02-24,9.984476089477539
2016-02-25,10.06981372833252
2016-02-26,10.06981372833252
2016-02-29,10.291692733764648
2016-03-01,10.8549165725708
2016-03-02,11.089592933654785
2016-03-03,11.477880477905273
2016-03-04,12.002705574035645
2016-03-07,11.985637664794922
2016-03-08,12.608601570129395
2016-03-09,12.711007118225098
2016-03-10,13.62411880493164
2016-03-11,13.393709182739258
2016-03-14,13.073690414428711
2016-03-15,11.776562690734863
2016-03-16,11.853363990783691
2016-03-17,13.146227836608887
2016-03-18,13.1376953125
2016-03-21,13.16329574584961
2016-03-22,12.43792724609375
2016-03-23,12.314187049865723
2016-03-24,12.177647590637207
2016-03-28,12.817678451538086
2016-03-29,13.120624542236328
2016-03-30,12.937150955200195
2016-03-31,12.681137084960938
2016-04-01,12.544599533081055
2016-04-04,12.130712509155273
2016-04-05,12.18618106842041
2016-04-06,12.100844383239746
2016-04-07,12.412325859069824
2016-04-08,13.176094055175781
2016-04-11,13.06942367553711
2016-04-12,13.62838363647461
2016-04-13,13.70518970489502
2016-04-14,13.824662208557129
2016-04-15,14.187342643737793
2016-04-18,14.230012893676758
2016-04-19,14.332416534423828
2016-04-20,14.31961727142334
2016-04-22,14.400688171386719
2016-04-25,13.333972930908203
2016-04-26,13.393709182739258
2016-04-27,13.359572410583496
2016-04-28,12.779276847839355
2016-04-29,12.80061149597168
2016-05-02,12.591537475585938
2016-05-03,12.11364459991455
2016-05-04,12.126445770263672
2016-05-05,11.891766548156738
2016-05-06,11.772295951843262
2016-05-09,11.797897338867188
2016-05-10,12.18618106842041
2016-05-11,12.024041175842285
2016-05-12,12.053908348083496
2016-05-13,11.947237014770508
2016-05-16,11.516281127929688
2016-05-17,11.162134170532227
2016-05-18,11.541884422302246
2016-05-19,11.82349681854248
2016-05-20,11.605887413024902
2016-05-23,11.41387939453125
2016-05-24,11.640021324157715
2016-05-25,11.785097122192383
2016-05-27,11.776562690734863
2016-05-30,11.69122314453125
2016-05-31,11.631486892700195
2016-06-01,11.567484855651855
2016-06-02,11.733892440795898
2016-06-03,11.776562690734863
2016-06-06,11.678422927856445
2016-06-07,11.473614692687988
2016-06-08,11.635756492614746
2016-06-09,11.797897338867188
2016-06-10,11.41387939453125
2016-06-13,11.41387939453125
2016-06-14,11.200532913208008
2016-06-15,11.512017250061035
2016-06-16,11.631486892700195
2016-06-17,11.584552764892578
2016-06-20,11.866166114807129
2016-06-21,11.913100242614746
2016-06-22,11.597352981567383
2016-06-23,11.874701499938965
2016-06-24,11.40534496307373
2016-06-27,11.62722110748291
2016-06-28,11.768027305603027
2016-06-29,11.95150375366211
2016-06-30,11.994173049926758
2016-07-01,11.776562690734863
2016-07-04,11.797897338867188
2016-07-05,11.473614692687988
2016-07-06,11.40534496307373
2016-07-07,11.29867172241211
2016-07-08,11.840564727783203
2016-07-11,11.776562690734863
2016-07-12,11.989904403686523
2016-07-13,12.02830696105957
2016-07-14,12.39099407196045
2016-07-15,12.467796325683594
2016-07-18,12.736607551574707
2016-07-19,12.668336868286133
2016-07-20,12.83047866821289
2016-07-21,12.65980339050293
2016-07-22,12.672606468200684
2016-07-25,12.523265838623047
2016-07-26,12.553133964538574
2016-07-27,12.395256996154785
2016-07-28,12.527528762817383
2016-07-29,12.860347747802734
2016-08-01,12.860347747802734
2016-08-02,12.7152738571167
2016-08-03,12.757942199707031
2016-08-04,12.945686340332031
2016-08-05,12.920084953308105
2016-08-08,12.787811279296875
2016-08-09,12.711007118225098
2016-08-10,12.749408721923828
2016-08-11,13.073690414428711
2016-08-12,13.076367378234863
2016-08-15,13.076367378234863
2016-08-16,12.96231460571289
2016-08-17,12.918448448181152
2016-08-18,12.742986679077148
2016-08-19,12.633321762084961
2016-08-22,12.387673377990723
2016-08-23,12.383285522460938
2016-08-24,12.545589447021484
2016-08-25,12.729826927185059
2016-08-26,12.593843460083008
2016-08-29,12.721052169799805
2016-08-30,12.808784484863281
2016-08-31,12.78685474395752
2016-09-01,13.159709930419922
2016-09-02,13.484317779541016
2016-09-05,13.45361042022705
2016-09-06,13.677325248718262
2016-09-08,13.646621704101562
2016-09-09,13.264989852905273
2016-09-12,13.361493110656738
2016-09-13,13.050045013427734
2016-09-14,13.1158447265625
2016-09-15,13.418519020080566
2016-09-16,13.133391380310059
2016-09-19,13.076367378234863
2016-09-20,12.997408866882324
2016-09-21,13.234282493591309
2016-09-22,13.611526489257812
2016-09-23,13.67293930053711
2016-09-26,13.396585464477539
2016-09-27,13.558889389038086
2016-09-28,13.519410133361816
2016-09-29,13.304465293884277
2016-09-30,13.107070922851562
2016-10-03,13.35710620880127
2016-10-04,13.40535831451416
2016-10-05,13.207962989807129
2016-10-06,13.190415382385254
2016-10-07,13.339559555053711
2016-10-10,13.528182029724121
2016-10-11,13.35710620880127
2016-10-13,13.554503440856934
2016-10-14,13.830857276916504
2016-10-17,14.001934051513672
2016-10-18,14.168622016906738
2016-10-19,14.181782722473145
2016-10-20,14.181782722473145
2016-10-21,14.05895709991455
2016-10-24,13.953682899475098
2016-10-25,13.879109382629395
2016-10-26,13.694872856140137
2016-10-27,13.79576301574707
2016-10-28,13.747511863708496
2016-10-31,14.098435401916504
2016-11-01,13.646621704101562
2016-11-03,13.071979522705078
2016-11-04,12.96231460571289
2016-11-07,13.501863479614258
2016-11-08,13.379040718078613
2016-11-09,13.238669395446777
2016-11-10,12.589457511901855
2016-11-11,12.326263427734375
2016-11-14,12.326263427734375
2016-11-16,12.751762390136719
2016-11-17,12.567523956298828
2016-11-18,12.716668128967285
2016-11-21,12.681573867797852
2016-11-22,12.77807903289795
2016-11-23,12.593843460083008
2016-11-24,12.352582931518555
2016-11-25,12.24730396270752
2016-11-28,12.567523956298828
2016-11-29,12.256077766418457
2016-11-30,12.40960693359375
2016-12-01,11.821806907653809
2016-12-02,12.063067436218262
2016-12-05,11.843737602233887
2016-12-06,11.931472778320312
2016-12-07,12.01920223236084
2016-12-08,11.843737602233887
2016-12-09,11.71652889251709
2016-12-12,11.326126098632812
2016-12-13,11.694598197937012
2016-12-14,11.541069030761719
2016-12-15,11.677051544189453
2016-12-16,11.611250877380371
2016-12-19,11.536680221557617
2016-12-20,11.620026588439941
2016-12-21,11.527905464172363
2016-12-22,11.887605667114258
2016-12-23,11.95340347290039
2016-12-26,11.988500595092773
2016-12-27,11.8042573928833
2016-12-28,12.278009414672852
2016-12-29,12.413994789123535
2017-01-02,12.203439712524414
2017-01-03,12.637710571289062
2017-01-04,13.036885261535645
2017-01-05,12.773694038391113
2017-01-06,12.576299667358398
2017-01-09,12.861425399780273
2017-01-10,12.966699600219727
2017-01-11,12.593843460083008
2017-01-12,12.457859992980957
2017-01-13,11.95340347290039
2017-01-16,11.865673065185547
2017-01-17,12.041135787963867
2017-01-18,11.957789421081543
2017-01-19,11.922698974609375
2017-01-20,11.988500595092773
2017-01-23,12.155184745788574
2017-01-24,12.00165843963623
2017-01-26,12.370129585266113
2017-01-27,12.620161056518555
2017-01-30,12.413994789123535
2017-01-31,12.242918014526367
2017-02-01,12.133254051208496
2017-02-02,12.190279006958008
2017-02-03,12.120094299316406
2017-02-06,12.295557975769043
2017-02-07,12.256077766418457
2017-02-08,12.063067436218262
2017-02-09,12.080618858337402
2017-02-10,12.09377384185791
2017-02-13,12.514886856079102
2017-02-14,12.352582931518555
2017-02-15,12.655251502990723
2017-02-16,12.940383911132812
2017-02-17,12.982404708862305
2017-02-20,13.00950813293457
2017-02-21,13.276023864746094
2017-02-22,13.244403839111328
2017-02-23,13.244403839111328
2017-02-24,12.928196907043457
2017-03-01,12.837854385375977
2017-03-02,13.07275104522705
2017-03-03,13.370887756347656
2017-03-06,13.30312728881836
2017-03-07,13.167610168457031
2017-03-08,13.000478744506836
2017-03-09,13.018540382385254
2017-03-10,13.09533405303955
2017-03-13,13.03209400177002
2017-03-14,13.099851608276367
2017-03-15,13.307644844055176
2017-03-16,13.619331359863281
2017-03-17,13.257954597473145
2017-03-20,13.099851608276367
2017-03-21,12.99595832824707
2017-03-22,13.30312728881836
2017-03-23,13.140507698059082
2017-03-24,13.104371070861816
2017-03-27,12.815272331237793
2017-03-28,12.941750526428223
2017-03-29,13.276023864746094
2017-03-30,13.30312728881836
2017-03-31,13.190197944641113
2017-04-03,13.194713592529297
2017-04-04,13.212782859802246
2017-04-05,12.991440773010254
2017-04-06,12.955303192138672
2017-04-07,13.086297988891602
2017-04-10,12.828822135925293
2017-04-11,12.968852043151855
2017-04-12,12.837854385375977
2017-04-13,12.684274673461914
2017-04-17,13.140507698059082
2017-04-18,13.09533405303955
2017-04-19,12.851408004760742
2017-04-20,13.108885765075684
2017-04-24,13.06823444366455
2017-04-25,13.19923210144043
2017-04-26,13.262472152709961
2017-04-27,13.108885765075684
2017-04-28,13.501884460449219
2017-05-02,13.47477912902832
2017-05-03,13.425091743469238
2017-05-04,13.122442245483398
2017-05-05,13.176645278930664
2017-05-08,13.488333702087402
2017-05-09,13.628364562988281
2017-05-10,13.723225593566895
2017-05-11,13.745811462402344
2017-05-12,14.075565338134766
2017-05-15,14.00329303741455
2017-05-16,14.292391777038574
2017-05-17,14.04846477508545
2017-05-18,12.611997604370117
2017-05-19,12.901092529296875
2017-05-22,12.783646583557129
2017-05-23,13.167610168457031
2017-05-24,13.470260620117188
2017-05-25,13.397987365722656
2017-05-26,13.443156242370605
2017-05-29,13.443156242370605
2017-05-30,13.411538124084473
2017-05-31,13.145026206970215
2017-06-01,13.483816146850586
2017-06-02,13.687088012695312
2017-06-05,13.714192390441895
2017-06-06,13.55157470703125
2017-06-07,13.429608345031738
2017-06-08,13.334746360778809
2017-06-09,13.443156242370605
2017-06-12,13.050164222717285
2017-06-13,12.946269989013672
2017-06-14,13.03209400177002
2017-06-15,13.03209400177002
2017-06-16,12.973372459411621
2017-06-19,13.239886283874512
2017-06-20,12.792685508728027
2017-06-21,12.783646583557129
2017-06-22,12.941750526428223
2017-06-23,12.783646583557129
2017-06-26,12.959818840026855
2017-06-27,12.670719146728516
2017-06-28,12.548755645751953
2017-06-29,12.693305969238281
2017-06-30,12.941750526428223
2017-07-03,12.702342987060547
2017-07-04,12.6436185836792
2017-07-05,12.449378967285156
2017-07-06,12.35451602935791
2017-07-07,12.37258529663086
2017-07-10,12.490032196044922
2017-07-11,12.589412689208984
2017-07-12,12.815272331237793
2017-07-13,13.077266693115234
2017-07-14,13.172126770019531
2017-07-17,12.946269989013672
2017-07-18,13.054680824279785
2017-07-19,13.014026641845703
2017-07-20,13.077266693115234
2017-07-21,12.873994827270508
2017-07-24,12.756546020507812
2017-07-25,12.557790756225586
2017-07-26,12.404205322265625
2017-07-27,12.575857162475586
2017-07-28,12.512618064880371
2017-07-31,12.399688720703125
2017-08-01,12.422274589538574
2017-08-02,12.562307357788086
2017-08-03,12.53520393371582
2017-08-04,12.24158763885498
2017-08-07,12.169313430786133
2017-08-08,12.119623184204102
2017-08-09,11.961520195007324
2017-08-10,11.848591804504395
2017-08-11,12.031004905700684
2017-08-14,12.30115795135498
2017-08-15,12.487467765808105
2017-08-16,12.62720012664795
2017-08-17,12.319790840148926
2017-08-18,12.846115112304688
2017-08-21,12.902010917663574
2017-08-22,12.96256160736084
2017-08-23,13.032426834106445
2017-08-24,12.855430603027344
2017-08-25,12.771592140197754
2017-08-28,12.841458320617676
2017-08-29,12.88803482055664
2017-08-30,12.790223121643066
2017-08-31,12.911325454711914
2017-09-01,13.037083625793457
2017-09-04,13.009138107299805
2017-09-05,13.190791130065918
2017-09-06,13.37709903717041
2017-09-07,13.37709903717041
2017-09-08,13.554095268249512
2017-09-11,13.460942268371582
2017-09-12,13.460942268371582
2017-09-13,13.363126754760742
2017-09-14,13.488890647888184
2017-09-15,13.819589614868164
2017-09-18,13.731093406677246
2017-09-19,13.507518768310547
2017-09-20,13.474916458129883
2017-09-21,13.363126754760742
2017-09-22,13.391075134277344
2017-09-25,13.37709903717041
2017-09-26,13.437651634216309
2017-09-27,13.274632453918457
2017-09-28,13.288604736328125
2017-09-29,13.335183143615723
2017-10-02,13.176817893981934
2017-10-03,13.283946990966797
2017-10-04,13.5634126663208
2017-10-05,13.647252082824707
2017-10-06,13.530804634094238
2017-10-09,13.507518768310547
2017-10-10,13.5634126663208
2017-10-11,13.554095268249512
2017-10-12,13.554095268249512
2017-10-13,13.577384948730469
2017-10-16,13.42367935180664
2017-10-17,13.321211814880371
2017-10-18,13.52614974975586
2017-10-19,13.325865745544434
2017-10-20,13.512175559997559
2017-10-23,13.2513427734375
2017-10-24,13.37709903717041
2017-10-25,13.372444152832031
2017-10-26,13.283946990966797
2017-10-27,13.321211814880371
2017-10-30,13.041740417480469
2017-10-31,12.91598129272461
2017-11-01,12.771592140197754
2017-11-02,12.771592140197754
2017-11-03,12.701725959777832
2017-11-06,13.158186912536621
2017-11-07,12.669122695922852
2017-11-08,13.162843704223633
2017-11-09,13.06968879699707
2017-11-10,13.088321685791016
2017-11-13,13.023110389709473
2017-11-14,12.808853149414062
2017-11-15,12.808853149414062
2017-11-16,12.948588371276855
2017-11-17,12.785567283630371
2017-11-20,12.785567283630371
2017-11-21,12.902010917663574
2017-11-22,12.850775718688965
2017-11-23,12.725014686584473
2017-11-24,12.645832061767578
2017-11-27,12.566649436950684
2017-11-28,12.57596492767334
2017-11-29,12.506098747253418
2017-11-30,12.520074844360352
2017-12-01,12.603911399841309
2017-12-04,12.66446590423584
2017-12-05,12.75761890411377
2017-12-06,12.967219352722168
2017-12-07,13.106949806213379
2017-12-08,12.95324420928955
2017-12-11,12.990508079528809
2017-12-12,13.041740417480469
2017-12-13,13.079004287719727
2017-12-14,13.041740417480469
2017-12-15,13.134900093078613
2017-12-18,13.167501449584961
2017-12-19,13.102293014526367
2017-12-20,13.125581741333008
2017-12-21,13.158186912536621
2017-12-22,13.139554023742676
2017-12-25,13.139554023742676
2017-12-26,13.111611366271973
2017-12-27,13.21873950958252
2017-12-28,13.26997184753418
2017-12-29,13.26997184753418
2018-01-02,13.36778450012207
2018-01-03,13.37709903717041
2018-01-04,13.405048370361328
2018-01-05,13.493546485900879
2018-01-08,13.57272720336914
2018-01-09,13.52614974975586
2018-01-10,13.470256805419922
2018-01-11,13.549440383911133
2018-01-12,13.577384948730469
2018-01-15,13.558753967285156
2018-01-16,13.800960540771484
2018-01-17,14.117684364318848
2018-01-18,14.262073516845703
2018-01-19,14.294682502746582
2018-01-22,14.229471206665039
2018-01-23,14.345914840698242
2018-01-24,14.816349983215332
2018-01-25,14.816349983215332
2018-01-26,15.137735366821289
2018-01-29,14.532225608825684
2018-01-30,14.536880493164062
2018-01-31,14.490307807922363
2018-02-01,14.867587089538574
2018-02-02,14.788406372070312
2018-02-05,14.555516242980957
2018-02-06,14.867587089538574
2018-02-07,14.555516242980957
2018-02-08,14.178237915039062
2018-02-09,14.25741958618164
2018-02-14,14.462360382080078
2018-02-15,14.564831733703613
2018-02-16,14.788406372070312
2018-02-19,14.103713035583496
2018-02-20,14.154945373535156
2018-02-21,14.369206428527832
2018-02-22,14.229471206665039
2018-02-23,14.305268287658691
2018-02-26,14.233141899108887
2018-02-27,14.093695640563965
2018-02-28,13.992718696594238
2018-03-01,14.045612335205078
2018-03-02,14.040802001953125
2018-03-05,14.146589279174805
2018-03-06,14.185059547424316
2018-03-07,13.96867561340332
2018-03-08,13.84846019744873
2018-03-09,14.170633316040039
2018-03-12,14.151400566101074
2018-03-13,13.963868141174316
2018-03-14,13.834036827087402
2018-03-15,13.434932708740234
2018-03-16,13.535913467407227
2018-03-19,13.48782730102539
2018-03-20,13.535913467407227
2018-03-21,13.651312828063965
2018-03-22,13.776334762573242
2018-03-23,14.189864158630371
2018-03-26,13.983100891113281
2018-03-27,13.96867561340332
2018-03-28,14.060036659240723
2018-03-29,14.074461936950684
2018-04-02,13.819611549377441
2018-04-03,13.641697883605957
2018-04-04,13.608038902282715
2018-04-05,13.84365463256836
2018-04-06,13.728250503540039
2018-04-09,13.680167198181152
2018-04-10,13.776334762573242
2018-04-11,13.569568634033203
2018-04-12,13.46378231048584
2018-04-13,13.434932708740234
2018-04-16,13.319530487060547
2018-04-17,13.353190422058105
2018-04-18,13.656123161315918
2018-04-19,13.46378231048584
2018-04-20,13.213744163513184
2018-04-23,13.367615699768066
2018-04-24,13.228167533874512
2018-04-25,13.2329740524292
2018-04-26,13.40127182006836
2018-04-27,13.473402976989746
2018-04-30,13.213744163513184
2018-05-02,13.213744163513184
2018-05-03,13.194510459899902
2018-05-04,13.011785507202148
2018-05-07,12.670381546020508
2018-05-08,12.934847831726074
2018-05-09,13.006975173950195
2018-05-10,13.343568801879883
2018-05-11,13.439741134643555
2018-05-14,13.141617774963379
2018-05-15,12.949275016784668
2018-05-16,13.151232719421387
2018-05-17,12.742507934570312
2018-05-18,12.824254035949707
2018-05-21,12.814634323120117
2018-05-22,13.319530487060547
2018-05-23,13.223360061645508
2018-05-24,13.46378231048584
2018-05-25,13.151232719421387
2018-05-28,12.915617942810059
2018-05-29,12.521319389343262
2018-05-30,12.530938148498535
2018-06-01,12.71366024017334
2018-06-04,12.747319221496582
2018-06-05,12.261661529541016
2018-06-06,12.429957389831543
2018-06-07,12.146255493164062
2018-06-08,12.242424011230469
2018-06-11,12.261661529541016
2018-06-12,12.213574409484863
2018-06-13,12.021236419677734
2018-06-14,11.94430160522461
2018-06-15,11.857747077941895
2018-06-18,11.804852485656738
2018-06-19,11.881792068481445
2018-06-20,11.804852485656738
2018-06-21,11.602897644042969
2018-06-22,11.694257736206055
2018-06-25,11.78080940246582
2018-06-26,11.852937698364258
2018-06-27,11.631747245788574
2018-06-28,11.61251449584961
2018-06-29,11.761575698852539
2018-07-02,11.732725143432617
2018-07-03,11.838510513305664
2018-07-04,11.828896522521973
2018-07-05,11.790428161621094
2018-07-06,11.828896522521973
2018-07-10,11.925067901611328
2018-07-11,11.886597633361816
2018-07-12,12.021236419677734
2018-07-13,12.11259651184082
2018-07-16,12.309744834899902
2018-07-17,12.598257064819336
2018-07-18,12.42514705657959
2018-07-19,12.300126075744629
2018-07-20,12.11740493774414
2018-07-23,12.131831169128418
2018-07-24,12.11740493774414
2018-07-25,12.2183837890625
2018-07-26,11.876982688903809
2018-07-27,11.901021957397461
2018-07-30,11.872175216674805
2018-07-31,11.776002883911133
2018-08-01,11.94430160522461
2018-08-02,11.973149299621582
2018-08-03,12.213574409484863
2018-08-06,12.021236419677734
2018-08-07,11.876982688903809
2018-08-08,11.848129272460938
2018-08-09,11.790428161621094
2018-08-10,11.476459503173828
2018-08-13,11.82423210144043
2018-08-14,12.117355346679688
2018-08-15,12.643980026245117
2018-08-16,12.922196388244629
2018-08-17,12.867547035217285
2018-08-20,12.683723449707031
2018-08-21,12.604235649108887
2018-08-22,12.504870414733887
2018-08-23,12.008056640625
2018-08-24,12.013023376464844
2018-08-27,12.430351257324219
2018-08-28,12.380666732788086
2018-08-29,12.400538444519043
2018-08-30,12.052767753601074
2018-08-31,12.162067413330078
2018-09-03,11.95340347290039
2018-09-04,12.022960662841797
2018-09-05,12.266403198242188
2018-09-06,12.276336669921875
2018-09-10,12.211750984191895
2018-09-11,11.903721809387207
2018-09-12,11.834171295166016
2018-09-13,11.709961891174316
2018-09-14,11.600666046142578
2018-09-17,11.555953025817871
2018-09-18,11.565887451171875
2018-09-19,11.396967887878418
2018-09-20,11.560922622680664
2018-09-21,11.87391185760498
2018-09-24,11.784486770629883
2018-09-25,12.013023376464844
2018-09-26,12.092514991760254
2018-09-27,12.206781387329102
2018-09-28,11.973274230957031
2018-10-01,11.85901165008545
2018-10-02,12.370729446411133
2018-10-03,12.758248329162598
2018-10-04,12.763216018676758
2018-10-05,12.793024063110352
2018-10-08,13.339521408081055
2018-10-09,13.677358627319336
2018-10-10,13.513409614562988
2018-10-11,13.488568305969238
2018-10-15,13.414043426513672
2018-10-16,13.513409614562988
2018-10-17,13.414043426513672
2018-10-18,13.115954399108887
2018-10-19,13.130860328674316
2018-10-22,13.1805419921875
2018-10-23,13.09111499786377
2018-10-24,12.793024063110352
2018-10-25,13.09608268737793
2018-10-26,12.932135581970215
2018-10-29,12.927166938781738
2018-10-30,13.304746627807617
2018-10-31,13.155702590942383
2018-11-01,13.488568305969238
2018-11-05,13.98538589477539
2018-11-06,13.86117935180664
2018-11-07,13.687294006347656
2018-11-08,13.279906272888184
2018-11-09,13.220288276672363
2018-11-12,13.150735855102539
2018-11-13,13.130860328674316
2018-11-14,13.374300003051758
2018-11-16,13.62767505645752
2018-11-19,13.235191345214844
2018-11-21,13.473663330078125
2018-11-22,13.329588890075684
2018-11-23,13.513409614562988
2018-11-26,13.414043426513672
2018-11-27,13.80156421661377
2018-11-28,14.263602256774902
2018-11-29,14.149333000183105
2018-11-30,14.069844245910645
2018-12-03,13.88105297088623
2018-12-04,13.662454605102539
2018-12-05,13.811498641967773
2018-12-06,14.159273147583008
2018-12-07,14.25366497039795
2018-12-10,14.109586715698242
2018-12-11,14.139396667480469
2018-12-12,14.166677474975586
2018-12-13,14.23448657989502
2018-12-14,14.161459922790527
2018-12-17,13.9528226852417
2018-12-18,14.083223342895508
2018-12-19,13.822422981262207
2018-12-20,13.697235107421875
2018-12-21,14.0310640335083
2018-12-26,13.978899002075195
2018-12-27,14.182330131530762
2018-12-28,14.390966415405273
2019-01-02,14.771734237670898
2019-01-03,14.933427810668945
2019-01-04,14.787383079528809
2019-01-07,14.568312644958496
2019-01-08,14.354456901550293
2019-01-09,13.900663375854492
2019-01-10,14.291861534118652
2019-01-11,14.474420547485352
2019-01-14,14.60482406616211
2019-01-15,14.67263126373291
2019-01-16,14.813462257385254
2019-01-17,15.142071723937988
2019-01-18,15.460249900817871
2019-01-21,15.178585052490234
2019-01-22,15.204663276672363
2019-01-23,15.465466499328613
2019-01-24,15.642807960510254
2019-01-28,15.6793212890625
2019-01-29,15.674104690551758
2019-01-30,15.992280960083008
2019-01-31,16.20092010498047
2019-02-01,16.378265380859375
2019-02-04,16.493019104003906
2019-02-05,16.430423736572266
2019-02-06,15.710614204406738
2019-02-07,15.762776374816895
2019-02-08,15.773207664489746
2019-02-11,15.413302421569824
2019-02-12,15.084694862365723
2019-02-13,14.808250427246094
2019-02-14,14.949077606201172
2019-02-15,14.790854454040527
2019-02-18,14.774823188781738
2019-02-19,14.961846351623535
2019-02-20,14.635891914367676
2019-02-21,14.502302169799805
2019-02-22,14.641236305236816
2019-02-25,14.758790969848633
2019-02-26,14.678638458251953
2019-02-27,14.84428596496582
2019-02-28,14.587800979614258
2019-03-01,14.352684020996094
2019-03-06,14.219097137451172
2019-03-07,14.154975891113281
2019-03-08,14.213750839233398
2019-03-11,14.812226295471191
2019-03-12,14.854976654052734
2019-03-13,15.015279769897461
2019-03-14,14.705355644226074
2019-03-15,15.015279769897461
2019-03-18,14.892379760742188
2019-03-19,14.849632263183594
2019-03-20,14.61451530456543
2019-03-21,14.374061584472656
2019-03-22,14.010701179504395
2019-03-25,14.138943672180176
2019-03-26,14.02138614654541
2019-03-27,13.871769905090332
2019-03-28,14.053449630737305
2019-03-29,14.17100715637207
2019-04-01,14.096196174621582
2019-04-02,14.56108570098877
2019-04-03,14.849632263183594
2019-04-04,14.961846351623535
2019-04-05,15.127494812011719
2019-04-08,15.095437049865723
2019-04-09,14.80154037475586
2019-04-10,14.737417221069336
2019-04-11,14.593144416809082
2019-04-12,14.641236305236816
2019-04-15,14.577112197875977
2019-04-16,14.758790969848633
2019-04-17,14.876351356506348
2019-04-18,14.587800979614258
2019-04-22,14.74276351928711
2019-04-23,14.758790969848633
2019-04-24,14.854976654052734
2019-04-25,15.245051383972168
2019-04-26,15.11680793762207
2019-04-29,15.28245735168457
2019-04-30,15.100777626037598
2019-05-02,15.186271667480469
2019-05-03,14.977876663208008
2019-05-06,15.23970890045166
2019-05-07,14.737417221069336
2019-05-08,14.657266616821289
2019-05-09,14.758790969848633
2019-05-10,15.015279769897461
2019-05-13,14.961846351623535
2019-05-14,15.28245735168457
2019-05-15,15.095437049865723
2019-05-16,15.164898872375488
2019-05-17,14.865660667419434
2019-05-20,15.148870468139648
2019-05-21,15.143525123596191
2019-05-22,15.122148513793945
2019-05-23,15.341235160827637
2019-05-24,15.28245735168457
2019-05-27,15.651159286499023
2019-05-28,15.886274337768555
2019-05-29,15.704596519470215
2019-05-30,15.8114652633667
2019-05-31,15.945053100585938
2019-06-03,16.19085121154785
2019-06-04,16.329784393310547
2019-06-05,16.452686309814453
2019-06-06,16.698490142822266
2019-06-07,16.55955696105957
2019-06-10,16.447343826293945
2019-06-11,16.645055770874023
2019-06-12,16.607650756835938
2019-06-13,16.554214477539062
2019-06-14,16.500776290893555
2019-06-17,16.511465072631836
2019-06-18,17.125967025756836
2019-06-19,16.95497703552246
2019-06-21,17.20612335205078
2019-06-24,17.158031463623047
2019-06-25,16.965665817260742
2019-06-26,17.35039710998535
2019-06-27,17.329025268554688
2019-06-28,17.302303314208984
2019-07-01,17.5267333984375
2019-07-02,17.419864654541016
2019-07-03,17.51070213317871
2019-07-04,17.68169593811035
2019-07-05,18.08780288696289
2019-07-08,17.906124114990234
2019-07-10,18.029022216796875
2019-07-11,17.724443435668945
2019-07-12,17.858030319213867
2019-07-15,17.831314086914062
2019-07-16,17.84200096130371
2019-07-17,18.06642723083496
2019-07-18,17.95421600341797
2019-07-19,17.47330093383789
2019-07-22,17.697725296020508
2019-07-23,17.56413459777832
2019-07-24,17.382457733154297
2019-07-25,17.361085891723633
2019-07-26,17.419864654541016
2019-07-29,17.42520523071289
2019-07-30,17.377113342285156
2019-07-31,17.339710235595703
2019-08-01,17.195432662963867
2019-08-02,17.31299591064453
2019-08-05,16.880168914794922
2019-08-06,17.2916202545166
2019-08-07,17.644287109375
2019-08-08,18.4030704498291
2019-08-09,18.94276237487793
2019-08-12,18.476104736328125
2019-08-13,18.678955078125
2019-08-14,18.278736114501953
2019-08-15,18.14715003967285
2019-08-16,18.223909378051758
2019-08-19,18.174564361572266
2019-08-20,18.136186599731445
2019-08-21,18.251319885253906
2019-08-22,17.873023986816406
2019-08-23,17.648244857788086
2019-08-26,17.47828483581543
2019-08-27,17.59889793395996
2019-08-28,17.823684692382812
2019-08-29,18.026538848876953
2019-08-30,17.91140365600586
2019-09-02,17.90043830871582
2019-09-03,17.664690017700195
2019-09-04,17.883989334106445
2019-09-05,17.99364471435547
2019-09-06,17.944299697875977
2019-09-09,17.779823303222656
2019-09-10,17.93881607055664
2019-09-11,18.36097526550293
2019-09-12,18.580270767211914
2019-09-13,18.443206787109375
2019-09-16,18.32807731628418
2019-09-17,18.487071990966797
2019-09-18,18.613170623779297
2019-09-19,18.843433380126953
2019-09-20,18.996944427490234
2019-09-23,18.931154251098633
2019-09-24,18.90373992919922
2019-09-25,19.068214416503906
2019-09-26,19.46295738220215
2019-09-27,19.55068016052246
2019-09-30,19.205280303955078
2019-10-01,18.86536407470703
2019-10-02,18.421274185180664
2019-10-03,18.32807731628418
2019-10-04,18.355487823486328
2019-10-07,17.81820297241211
2019-10-08,17.675657272338867
2019-10-09,17.982677459716797
2019-10-10,18.11974334716797
2019-10-11,18.783126831054688
2019-10-14,18.783126831054688
2019-10-15,18.86536407470703
2019-10-16,19.128522872924805
2019-10-17,19.227205276489258
2019-10-18,18.892776489257812
2019-10-21,19.079179763793945
2019-10-22,19.380722045898438
2019-10-23,19.48488998413086
2019-10-24,19.545198440551758
2019-10-25,19.293001174926758
2019-10-28,19.068214416503906
2019-10-29,18.7392635345459
2019-10-30,18.640579223632812
2019-10-31,18.624134063720703
2019-11-01,18.81601905822754
2019-11-04,18.432239532470703
2019-11-05,18.887292861938477
2019-11-06,19.391685485839844
2019-11-07,19.441028594970703
2019-11-08,19.01887321472168
2019-11-11,18.958568572998047
2019-11-12,18.728296279907227
2019-11-13,18.755712509155273
2019-11-14,18.85988426208496
2019-11-18,18.585756301879883
2019-11-19,18.657026290893555
2019-11-21,19.271072387695312
2019-11-22,19.29848289489746
2019-11-25,18.975011825561523
2019-11-26,18.580270767211914
2019-11-27,18.613170623779297
2019-11-28,18.898258209228516
2019-11-29,18.887292861938477
2019-12-02,18.925670623779297
2019-12-03,19.660329818725586
2019-12-04,19.797395706176758
2019-12-05,20.12086296081543
2019-12-06,20.13182830810547
2019-12-09,20.076995849609375
2019-12-10,19.841249465942383
2019-12-11,19.928972244262695
2019-12-12,20.01120948791504
2019-12-13,20.477224349975586
2019-12-16,20.186649322509766
2019-12-17,20.58687400817871
2019-12-18,20.850034713745117
2019-12-19,20.998064041137695
2019-12-20,20.691043853759766
2019-12-23,20.806175231933594
2019-12-26,20.70200538635254
2019-12-27,20.745868682861328
2019-12-30,20.66911506652832
2020-01-02,20.888416290283203
2020-01-03,20.65814971923828
2020-01-06,20.998064041137695
2020-01-07,21.0090274810791
2020-01-08,20.998064041137695
2020-01-09,20.93775749206543
2020-01-10,20.68897819519043
2020-01-13,20.5355167388916
2020-01-14,20.779916763305664
2020-01-15,20.802650451660156
2020-01-16,20.50141143798828
2020-01-17,20.541196823120117
2020-01-20,20.552568435668945
2020-01-21,20.461626052856445
2020-01-22,20.569616317749023
2020-01-23,20.59803581237793
2020-01-24,20.40478515625
2020-01-27,19.893245697021484
2020-01-28,19.898929595947266
2020-01-29,20.245641708374023
2020-01-30,20.239959716796875
2020-01-31,19.768199920654297
2020-02-03,19.85346031188965
2020-02-04,19.580638885498047
2020-02-05,19.682947158813477
2020-02-06,19.779571533203125
2020-02-07,20.097864151000977
2020-02-10,20.359315872192383
2020-02-11,20.956113815307617
2020-02-12,21.115262985229492
2020-02-13,21.16641616821289
2020-02-14,20.657665252685547
2020-02-17,20.208322525024414
2020-02-18,19.968677520751953
2020-02-19,20.35810661315918
2020-02-20,20.034578323364258
2020-02-21,19.770967483520508
2020-02-26,19.010080337524414
2020-02-27,18.854310989379883
2020-02-28,19.08197784423828
2020-03-02,18.932201385498047
2020-03-03,18.35105323791504
2020-03-04,18.596691131591797
2020-03-05,18.237218856811523
2020-03-06,18.261186599731445
2020-03-09,17.009023666381836
2020-03-10,17.374483108520508
2020-03-11,16.6435604095459
2020-03-12,15.10382080078125
2020-03-13,15.942588806152344
2020-03-16,14.426816940307617
2020-03-17,15.978536605834961
2020-03-18,16.08637809753418
2020-03-19,14.660470962524414
2020-03-20,14.672452926635742
2020-03-23,13.420293807983398
2020-03-24,14.80426025390625
2020-03-25,15.900652885437012
2020-03-26,15.906641006469727
2020-03-27,14.67844295501709
2020-03-30,14.852190971374512
2020-03-31,14.888138771057129
2020-04-01,14.414830207824707
2020-04-02,14.067341804504395
2020-04-03,13.953508377075195
2020-04-06,14.157210350036621
2020-04-07,14.966021537780762
2020-04-08,15.283555030822754
2020-04-09,15.445322036743164
2020-04-13,15.631047248840332
2020-04-14,15.661003112792969
2020-04-15,15.702940940856934
2020-04-16,15.457303047180176
2020-04-17,15.529194831848145
2020-04-20,15.72690486907959
2020-04-22,16.14629364013672
2020-04-23,15.684968948364258
2020-04-24,14.618535995483398
2020-04-27,15.15774154663086
2020-04-28,15.13377857208252
2020-04-29,15.577125549316406
2020-04-30,15.906641006469727
2020-05-04,15.15774154663086
2020-05-05,14.918094635009766
2020-05-06,14.690430641174316
2020-05-07,14.073332786560059
2020-05-08,13.941526412963867
2020-05-11,14.109278678894043
2020-05-12,13.689896583557129
2020-05-13,13.845666885375977
2020-05-14,14.205140113830566
2020-05-15,13.534125328063965
2020-05-18,14.079324722290039
2020-05-19,14.067341804504395
2020-05-20,14.097297668457031
2020-05-21,14.468753814697266
2020-05-22,14.085317611694336
2020-05-25,14.768310546875
2020-05-26,15.085844993591309
2020-05-27,15.15774154663086
2020-05-28,15.34346866607666
2020-05-29,15.145761489868164
2020-06-01,15.367433547973633
2020-06-02,15.882675170898438
2020-06-03,16.709463119506836
2020-06-04,16.805320739746094
2020-06-05,17.06893539428711
2020-06-08,17.0150146484375
2020-06-09,16.547700881958008
2020-06-10,16.08637809753418
2020-06-12,15.828757286071777
2020-06-15,15.786818504333496
2020-06-16,15.666991233825684
2020-06-17,16.23016357421875
2020-06-18,16.667526245117188
2020-06-19,17.248672485351562
2020-06-22,17.27263641357422
2020-06-23,17.224706649780273
2020-06-24,16.997039794921875
2020-06-25,17.374483108520508
2020-06-26,16.685501098632812
2020-06-29,16.925146102905273
2020-06-30,16.3380069732666
2020-07-01,16.595632553100586
2020-07-02,16.4937801361084
2020-07-03,16.63157844543457
2020-07-06,16.793336868286133
2020-07-07,16.655542373657227
2020-07-08,16.979068756103516
2020-07-09,16.805320739746094
2020-07-10,16.60761070251465
2020-07-13,16.403913497924805
2020-07-14,16.361970901489258
2020-07-15,16.511754989624023
2020-07-16,16.415895462036133
2020-07-17,16.505760192871094
2020-07-20,16.961090087890625
2020-07-21,16.901180267333984
2020-07-22,16.97307586669922
2020-07-23,16.697481155395508
2020-07-24,16.77536964416504
2020-07-27,17.06893539428711
2020-07-28,16.817302703857422
2020-07-29,16.91915512084961
2020-07-30,16.817302703857422
2020-07-31,16.673513412475586
2020-08-03,16.937129974365234
2020-08-04,16.835275650024414
2020-08-05,16.901180267333984
2020-08-06,17.2366886138916
2020-08-07,17.104881286621094
2020-08-10,17.218713760375977
2020-08-11,17.320566177368164
2020-08-12,17.34453010559082
2020-08-13,16.74233627319336
2020-08-14,16.70526695251465
2020-08-17,16.217208862304688
2020-08-18,16.69291114807129
2020-08-19,16.38401222229004
2020-08-20,16.35930061340332
2020-08-21,16.451969146728516
2020-08-24,16.365476608276367
2020-08-25,16.526105880737305
2020-08-26,16.26662826538086
2020-08-27,16.371654510498047
2020-08-28,17.020339965820312
2020-08-31,16.297517776489258
2020-09-01,16.6187744140625
2020-09-02,16.822647094726562
2020-09-03,16.662019729614258
2020-09-04,16.680557250976562
2020-09-08,16.421077728271484
2020-09-09,16.433433532714844
2020-09-10,16.235742568969727
2020-09-11,15.735321998596191
2020-09-14,15.976263046264648
2020-09-15,16.124536514282227
2020-09-16,16.198671340942383
2020-09-17,16.124536514282227
2020-09-18,15.815637588500977
2020-09-21,15.531449317932129
2020-09-22,15.611763954162598
2020-09-23,15.265795707702637
2020-09-24,15.611763954162598
2020-09-25,15.463493347167969
2020-09-28,14.981606483459473
2020-09-29,15.105172157287598
2020-09-30,14.993964195251465
2020-10-01,15.204017639160156
2020-10-02,15.07427978515625
2020-10-05,15.111346244812012
2020-10-06,15.0186767578125
2020-10-07,14.82715892791748
2020-10-08,15.136059761047363
2020-10-09,14.950718879699707
2020-10-13,15.160772323608398
2020-10-14,15.278152465820312
2020-10-15,15.31521987915039
2020-10-16,15.185482025146484
2020-10-19,15.512916564941406
2020-10-20,15.525269508361816
2020-10-21,15.83416748046875
2020-10-22,15.827995300292969
2020-10-23,15.797101974487305
2020-10-26,15.883594512939453
2020-10-27,15.61794376373291
2020-10-28,15.024853706359863
2020-10-29,15.000142097473145
2020-10-30,14.629462242126465
2020-11-03,15.247262954711914
2020-11-04,15.753856658935547
2020-11-05,16.07511329650879
2020-11-06,16.155424118041992
2020-11-09,16.445791244506836
2020-11-10,16.835002899169922
2020-11-11,16.662019729614258
2020-11-12,16.371654510498047
2020-11-13,16.767045974731445
2020-11-16,17.298357009887695
2020-11-17,17.761703491210938
2020-11-18,17.47751235961914
2020-11-19,17.341598510742188
2020-11-23,17.990285873413086
2020-11-24,18.150915145874023
2020-11-25,18.126203536987305
2020-11-26,18.175628662109375
2020-11-27,18.2991886138916
2020-11-30,17.64432144165039
2020-12-01,17.53311538696289
2020-12-02,17.63196563720703
2020-12-03,17.755523681640625
2020-12-04,17.749345779418945
2020-12-07,17.89761734008789
2020-12-08,17.699922561645508
2020-12-09,17.656679153442383
2020-12-10,18.206514358520508
2020-12-11,18.50305938720703
2020-12-14,18.441280364990234
2020-12-15,18.490703582763672
2020-12-16,18.694578170776367
2020-12-17,18.694578170776367
2020-12-18,18.286828994750977
2020-12-21,17.89761734008789
2020-12-22,18.014999389648438
2020-12-23,17.996463775634766
2020-12-28,18.367143630981445
2020-12-29,18.571016311645508
2020-12-30,18.305362701416016
2021-01-04,18.157093048095703
2021-01-05,17.817304611206055
2021-01-06,17.52693748474121
2021-01-07,17.89761734008789
2021-01-08,18.45363426208496
2021-01-11,18.070602416992188
2021-01-12,18.1879825592041
2021-01-13,18.274473190307617
2021-01-14,18.52159309387207
2021-01-15,18.132381439208984
2021-01-18,17.947038650512695
2021-01-19,17.811124801635742
2021-01-20,17.699922561645508
2021-01-21,17.786413192749023
2021-01-22,17.55782699584961
2021-01-26,17.57636260986328
2021-01-27,17.298357009887695
2021-01-28,17.440446853637695
2021-01-29,17.088300704956055
2021-02-01,17.329242706298828
2021-02-02,17.47751235961914
2021-02-03,17.51458168029785
2021-02-04,17.471338272094727
2021-02-05,17.61960792541504
2021-02-08,17.353954315185547
2021-02-09,17.656679153442383
2021-02-10,17.743167877197266
2021-02-11,17.69374656677246
2021-02-12,17.597070693969727
2021-02-17,17.5530948638916
2021-02-18,17.377187728881836
2021-02-19,17.383468627929688
2021-02-22,16.69868278503418
2021-02-23,16.855745315551758
2021-02-24,16.673555374145508
2021-02-25,16.30289077758789
2021-02-26,15.976202964782715
2021-03-01,15.580413818359375
2021-03-02,15.57413101196289
2021-03-03,15.467329025268555
2021-03-04,15.39194107055664
2021-03-05,15.80029582977295
2021-03-08,15.316550254821777
2021-03-09,14.864215850830078
2021-03-10,15.172053337097168
2021-03-11,15.310267448425293
2021-03-12,15.046405792236328
2021-03-15,15.134361267089844
2021-03-16,15.027560234069824
2021-03-17,15.20975112915039
2021-03-18,15.266289710998535
2021-03-19,15.39194107055664
2021-03-22,15.341680526733398
2021-03-23,15.253726959228516
2021-03-24,14.914477348327637
2021-03-25,14.983580589294434
2021-03-26,15.052688598632812
2021-03-29,15.121792793273926
2021-03-30,15.567848205566406
2021-03-31,15.234878540039062
2021-04-01,15.027560234069824
2021-04-05,15.121792793273926
2021-04-06,15.11551284790039
2021-04-07,15.102949142456055
2021-04-08,15.052688598632812
2021-04-09,15.008710861206055
2021-04-12,15.165772438049316
2021-04-13,14.964733123779297
2021-04-14,14.939606666564941
2021-04-15,14.857933044433594
2021-04-16,14.908191680908203
2021-04-19,14.625486373901367
2021-04-20,14.656895637512207
2021-04-22,14.581507682800293
2021-04-23,14.700875282287598
2021-04-26,14.56894302368164
2021-04-27,14.066347122192383
2021-04-28,14.116604804992676
2021-04-29,14.292512893676758
2021-04-30,14.028655052185059
2021-05-03,13.990958213806152
2021-05-04,13.808769226074219
2021-05-05,14.047501564025879
2021-05-06,14.254820823669434
2021-05-07,14.449576377868652
2021-05-10,14.317644119262695
2021-05-11,14.69459056854248
2021-05-12,14.462141036987305
2021-05-13,14.682024955749512
2021-05-14,14.669458389282227
2021-05-17,14.763696670532227
2021-05-18,14.61920166015625
2021-05-19,14.656895637512207
2021-05-20,14.845366477966309
2021-05-21,14.85165023803711
2021-05-24,14.820239067077637
2021-05-25,14.682024955749512
2021-05-26,14.606635093688965
2021-05-27,14.713436126708984
2021-05-28,14.69459056854248
2021-05-31,14.700875282287598
2021-06-01,15.134361267089844
2021-06-02,15.140642166137695
2021-06-04,15.197185516357422
2021-06-07,15.461047172546387
2021-06-08,15.27257251739502
2021-06-09,15.253726959228516
2021-06-10,15.517586708068848
2021-06-11,15.435916900634766
2021-06-14,15.655801773071289
2021-06-15,15.762603759765625
2021-06-16,15.724907875061035
2021-06-17,15.79401683807373
2021-06-18,15.932229995727539
2021-06-21,16.001333236694336
2021-06-22,16.04531478881836
2021-06-23,15.517586708068848
2021-06-24,15.32911491394043
2021-06-25,15.027560234069824
2021-06-28,15.140642166137695
2021-06-29,14.914477348327637
2021-06-30,14.51240062713623
2021-07-01,14.594071388244629
2021-07-02,14.543811798095703
2021-07-05,14.393034934997559
2021-07-06,14.198278427124023
2021-07-07,14.355338096618652
2021-07-08,14.198278427124023
2021-07-12,14.556378364562988
2021-07-13,14.32392692565918
2021-07-14,14.51240062713623
2021-07-15,14.267386436462402
2021-07-16,14.135454177856445
2021-07-19,13.903003692626953
2021-07-20,13.934419631958008
2021-07-21,13.915569305419922
2021-07-22,13.733379364013672
2021-07-23,13.821334838867188
2021-07-26,13.783639907836914
2021-07-27,13.532341957092285
2021-07-28,13.651708602905273
2021-07-29,13.588884353637695
2021-07-30,13.42553997039795
2021-08-02,13.193093299865723
2021-08-03,13.632861137390137
2021-08-04,13.488364219665527
2021-08-05,13.33758544921875
2021-08-06,13.381563186645508
2021-08-09,13.626577377319336
2021-08-10,13.507213592529297
2021-08-11,13.632861137390137
2021-08-12,13.453187942504883
2021-08-13,13.272955894470215
2021-08-16,12.931797981262207
2021-08-17,12.758000373840332
2021-08-18,12.66788387298584
2021-08-19,12.712940216064453
2021-08-20,12.783747673034668
2021-08-23,12.552019119262695
2021-08-24,12.84811782836914
2021-08-25,12.996167182922363
2021-08-26,12.629261016845703
2021-08-27,12.700067520141602
2021-08-30,12.416844367980957
2021-08-31,12.268794059753418
2021-09-01,12.449028968811035
2021-09-02,12.030627250671387
2021-09-03,12.346035957336426
2021-09-06,12.40396785736084
2021-09-08,11.843955993652344
2021-09-09,12.11430835723877
2021-09-10,12.268794059753418
2021-09-13,12.597076416015625
2021-09-14,12.629261016845703
2021-09-15,12.371783256530762
2021-09-16,12.487648963928223
2021-09-17,12.44258975982666
2021-09-20,12.172239303588867
2021-09-21,12.371783256530762
2021-09-22,12.474774360656738
2021-09-23,12.558453559875488
2021-09-24,12.84811782836914
2021-09-27,13.03478717803955
2021-09-28,13.015478134155273
2021-09-29,13.086284637451172
2021-09-30,12.841681480407715
2021-10-01,13.124906539916992
2021-10-04,12.770874977111816
2021-10-05,12.860989570617676
2021-10-06,12.719380378723145
2021-10-07,12.706503868103027
2021-10-08,12.91248607635498
2021-10-11,13.144218444824219
2021-10-13,13.49181079864502
2021-10-14,13.71710205078125
2021-10-15,13.95527172088623
2021-10-18,13.95527172088623
2021-10-19,13.684920310974121
2021-10-20,13.781472206115723
2021-10-21,13.83940601348877
2021-10-22,13.948832511901855
2021-10-25,14.444476127624512
2021-10-26,14.27068042755127
2021-10-27,14.483098030090332
2021-10-28,14.27068042755127
2021-10-29,14.219182968139648
2021-11-01,14.193436622619629
2021-11-03,14.55390453338623
2021-11-04,14.57321548461914
2021-11-05,14.70195484161377
2021-11-08,14.689081192016602
2021-11-09,15.088170051574707
2021-11-10,14.882187843322754
2021-11-11,14.991618156433105
2021-11-12,14.856441497802734
2021-11-16,14.907936096191406
2021-11-17,14.592524528503418
2021-11-18,14.631148338317871
2021-11-19,14.309300422668457
2021-11-22,14.04538631439209
2021-11-23,13.852278709411621
2021-11-24,13.923084259033203
2021-11-25,14.2449312210083
2021-11-26,13.858716011047363
2021-11-29,13.775035858154297
2021-11-30,13.440313339233398
2021-12-01,13.150654792785645
2021-12-02,13.549742698669434
2021-12-03,13.633421897888184
2021-12-06,13.704231262207031
2021-12-07,13.659170150756836
2021-12-08,13.942394256591797
2021-12-09,13.588364601135254
2021-12-10,13.61411190032959
2021-12-13,13.446749687194824
2021-12-14,13.36950969696045
2021-12-15,13.536869049072266
2021-12-16,13.47249984741211
2021-12-17,13.221460342407227
2021-12-20,13.118468284606934
2021-12-21,13.208585739135742
2021-12-22,13.202149391174316
2021-12-23,13.272955894470215
2021-12-27,13.356634140014648
2021-12-28,13.382383346557617
2021-12-29,13.305139541625977
2021-12-30,13.356634140014648
2022-01-03,13.260079383850098
2022-01-04,13.227896690368652
2022-01-05,13.066974639892578
2022-01-06,13.15709114074707
2022-01-07,12.745126724243164
2022-01-10,12.429716110229492
2022-01-11,12.44258975982666
2022-01-12,12.326725006103516
2022-01-13,12.346035957336426
2022-01-14,12.519834518432617
2022-01-17,12.661445617675781
2022-01-18,13.073410034179688
2022-01-19,13.311575889587402
2022-01-20,13.227896690368652
2022-01-21,13.272955894470215
2022-01-24,13.47249984741211
2022-01-25,13.601238250732422
2022-01-26,13.60767650604248
2022-01-27,14.412293434143066
2022-01-28,14.59896183013916
2022-01-31,14.895060539245605
2022-02-01,14.862874984741211
2022-02-02,14.6762056350708
2022-02-03,14.759885787963867
2022-02-04,14.695516586303711
2022-02-07,15.538758277893066
2022-02-08,15.513009071350098
2022-02-09,15.6224365234375
2022-02-10,15.680367469787598
2022-02-11,15.232006072998047
2022-02-14,15.640246391296387
2022-02-15,15.48631763458252
2022-02-16,15.446165084838867
2022-02-17,15.506394386291504
2022-02-18,15.51308822631836
2022-02-21,15.472933769226074
2022-02-22,15.499704360961914
2022-02-23,15.399316787719727
2022-02-24,15.325697898864746
2022-02-25,15.41939640045166
2022-03-02,15.45285415649414
2022-03-03,15.439471244812012
2022-03-04,15.084773063659668
2022-03-07,14.790305137634277
2022-03-08,14.64306926727295
2022-03-09,14.98438549041748
2022-03-10,15.104849815368652
2022-03-11,15.058001518249512
2022-03-14,15.037922859191895
2022-03-15,15.031229972839355
2022-03-16,15.258774757385254
2022-03-17,15.59339427947998
2022-03-18,15.620166778564453
2022-03-21,15.820938110351562
2022-03-22,16.115407943725586
2022-03-23,16.0953311920166
2022-03-24,16.329566955566406
2022-03-25,16.3630313873291
2022-03-28,16.456722259521484
2022-03-29,16.59726333618164
2022-03-30,16.664188385009766
2022-03-31,17.10589027404785
2022-04-01,17.340124130249023
2022-04-04,17.266510009765625
2022-04-05,17.079118728637695
2022-04-06,17.2397403717041
2022-04-07,17.40035629272461
2022-04-08,17.53420639038086
2022-04-11,17.353511810302734
2022-04-12,17.20627784729004
2022-04-13,17.360204696655273
2022-04-14,17.507436752319336
2022-04-18,17.922367095947266
2022-04-19,17.413742065429688
2022-04-20,17.90898323059082
2022-04-22,17.661359786987305
2022-04-25,17.647977828979492
2022-04-26,17.447202682495117
2022-04-27,17.45389747619629
2022-04-28,17.326740264892578
2022-04-29,17.018884658813477
2022-05-02,16.697650909423828
2022-05-03,16.81142234802246
2022-05-04,17.14604377746582
2022-05-05,16.751190185546875
2022-05-06,16.751190185546875
2022-05-09,16.985427856445312
2022-05-10,16.717727661132812
2022-05-11,16.590572357177734
2022-05-12,16.99211883544922
2022-05-13,17.253124237060547
2022-05-16,17.079118728637695
2022-05-17,17.273202896118164
2022-05-18,17.005502700805664
2022-05-19,16.998811721801758
2022-05-20,17.045658111572266
2022-05-23,17.11927604675293
2022-05-24,17.293277740478516
2022-05-25,17.166122436523438
2022-05-26,17.11258316040039
2022-05-27,17.353511810302734
2022-05-30,17.808595657348633
2022-05-31,17.989294052124023
2022-06-01,17.882213592529297
2022-06-02,17.882213592529297
2022-06-03,17.32004737854004
2022-06-06,17.179506301879883
2022-06-07,17.012197494506836
2022-06-08,16.94527244567871
2022-06-09,16.838193893432617
2022-06-10,16.463415145874023
2022-06-13,16.423261642456055
2022-06-14,16.40987777709961
2022-06-15,16.670883178710938
2022-06-17,16.64411163330078
2022-06-20,16.878345489501953
2022-06-21,16.93857765197754
2022-06-22,16.751190185546875
2022-06-23,16.81142234802246
2022-06-24,16.56380271911621
2022-06-27,16.677576065063477
2022-06-28,17.032272338867188
2022-06-29,17.052350997924805
2022-06-30,17.373586654663086
2022-07-01,17.433818817138672
2022-07-04,16.998811721801758
2022-07-05,16.864959716796875
2022-07-06,16.864959716796875
2022-07-07,17.038965225219727
2022-07-08,16.95865821838379
2022-07-11,16.824806213378906
2022-07-12,16.871652603149414
2022-07-13,16.931886672973633
2022-07-14,17.661359786987305
2022-07-15,18.40422248840332
2022-07-18,17.98259925842285
2022-07-19,18.076295852661133
2022-07-20,18.29714584350586
2022-07-21,18.484535217285156
2022-07-22,18.65853500366211
2022-07-25,18.89277458190918
2022-07-26,19.01323699951172
2022-07-27,19.27424430847168
2022-07-28,19.321088790893555
2022-07-29,19.401397705078125
2022-08-01,19.367938995361328
2022-08-02,19.575401306152344
2022-08-03,19.113622665405273
2022-08-04,18.879390716552734
2022-08-05,19.06008529663086
2022-08-08,19.736021041870117
2022-08-09,19.93679428100586
2022-08-10,19.709253311157227
2022-08-11,20.27141571044922
2022-08-12,20.465496063232422
2022-08-15,20.579269409179688
2022-08-16,20.40526580810547
2022-08-17,20.22456932067871
2022-08-18,19.868398666381836
2022-08-19,19.750585556030273
2022-08-22,19.792165756225586
2022-08-23,19.750585556030273
2022-08-24,19.750585556030273
2022-08-25,19.50803565979004
2022-08-26,19.681285858154297
2022-08-29,19.556543350219727
2022-08-30,19.5634765625
2022-08-31,19.598125457763672
2022-09-01,19.95155906677246
2022-09-02,19.722864151000977
2022-09-05,19.87532615661621
2022-09-06,19.95848846435547
2022-09-08,19.8060245513916
2022-09-09,19.792165756225586
2022-09-12,19.542686462402344
2022-09-13,19.660497665405273
2022-09-14,19.487247467041016
2022-09-15,19.632776260375977
2022-09-16,20.42279815673828
2022-09-19,20.65842056274414
2022-09-20,20.942550659179688
2022-09-21,20.845531463623047
2022-09-22,20.54060935974121
2022-09-23,20.519817352294922
2022-09-26,20.076297760009766
2022-09-27,19.833749771118164
2022-09-28,18.981351852416992
2022-09-29,18.406158447265625
2022-09-30,18.413087844848633
2022-10-03,18.96056365966797
2022-10-04,18.61406135559082
2022-10-05,19.10609245300293
2022-10-06,19.25162696838379
2022-10-07,19.514963150024414
2022-10-10,19.5634765625
2022-10-11,19.016002655029297
2022-10-13,19.521896362304688
2022-10-14,19.057580947875977
2022-10-17,19.431804656982422
2022-10-18,19.96541404724121
2022-10-19,20.09015655517578
2022-10-20,20.388147354125977
2022-10-21,20.207969665527344
2022-10-24,19.88225555419922
2022-10-25,19.570404052734375
2022-10-26,19.431804656982422
2022-10-27,20.22182846069336
2022-10-28,20.31884765625
2022-10-31,20.57526397705078
2022-11-01,20.582189559936523
2022-11-03,20.505958557128906
2022-11-04,20.637630462646484
2022-11-07,20.852462768554688
2022-11-08,21.03957176208496
2022-11-09,21.656347274780273
2022-11-10,20.75543975830078
2022-11-11,21.053430557250977
2022-11-14,21.47616195678711
2022-11-16,20.81781005859375
2022-11-17,20.748510360717773
2022-11-18,20.900970458984375
2022-11-21,21.108871459960938
2022-11-22,20.977201461791992
2022-11-23,21.483095169067383
2022-11-24,21.975126266479492
2022-11-25,21.27519416809082
2022-11-28,21.171241760253906
2022-11-29,21.406864166259766
2022-11-30,21.70485496520996
2022-12-01,22.21074676513672
2022-12-02,22.564178466796875
2022-12-05,22.058284759521484
2022-12-06,22.189958572387695
2022-12-07,21.940475463867188
2022-12-08,21.80880355834961
2022-12-09,21.982053756713867
2022-12-12,21.656347274780273
2022-12-13,21.49002456665039
2022-12-14,21.836523056030273
2022-12-15,22.321626663208008
2022-12-16,22.404787063598633
2022-12-19,22.41864585876465
2022-12-20,22.63347816467285
2022-12-21,23.187881469726562
2022-12-22,23.555173873901367
2022-12-23,23.27797508239746
2022-12-26,23.04235076904297
2022-12-27,23.007699966430664
2022-12-28,23.305692672729492
2022-12-29,23.36113166809082
2023-01-02,23.13936996459961
2023-01-03,22.41864585876465
2023-01-04,22.52952766418457
2023-01-05,22.578041076660156
2023-01-06,23.236391067504883
2023-01-09,23.34726905822754
2023-01-10,23.700706481933594
2023-01-11,23.839303970336914
2023-01-12,23.763076782226562
2023-01-13,23.700706481933594
2023-01-16,23.478946685791016
2023-01-17,23.8254451751709
2023-01-18,24.01948356628418
2023-01-19,24.282825469970703
2023-01-20,24.282825469970703
2023-01-23,24.47686767578125
2023-01-24,24.74020767211914
2023-01-25,25.765851974487305
2023-01-26,25.68269157409668
2023-01-27,25.828224182128906
2023-01-30,26.26481819152832
2023-01-31,26.181652069091797
2023-02-01,25.38470458984375
2023-02-02,25.29461097717285
2023-02-03,25.225311279296875
2023-02-06,25.35004997253418
2023-02-07,25.516368865966797
2023-02-08,25.675762176513672
2023-02-09,24.33133888244629
2023-02-10,24.9134578704834
2023-02-13,25.190658569335938
2023-02-14,25.343120574951172
2023-02-15,25.52471351623535
2023-02-16,25.838842391967773
2023-02-17,25.955724716186523
2023-02-22,25.8315372467041
2023-02-23,25.685428619384766
2023-02-24,24.911067962646484
2023-02-27,25.04987335205078
2023-02-28,24.991426467895508
2023-03-01,24.845321655273438
2023-03-02,25.254417419433594
2023-03-03,24.88915252685547
2023-03-06,25.48088264465332
2023-03-07,25.47357749938965
2023-03-08,25.466270446777344
2023-03-09,25.2617244720459
2023-03-10,24.845321655273438
2023-03-13,24.282814025878906
2023-03-14,24.290117263793945
2023-03-15,23.997905731201172
2023-03-16,24.107484817504883
2023-03-17,23.68377685546875
2023-03-20,23.559587478637695
2023-03-21,23.60342025756836
2023-03-22,23.669170379638672
2023-03-23,23.851802825927734
2023-03-24,24.158620834350586
2023-03-27,23.95407485961914
2023-03-28,24.3704776763916
2023-03-29,23.975990295410156
2023-03-30,23.793357849121094
2023-03-31,23.749526977539062
2023-04-03,23.530366897583008
2023-04-04,24.209758758544922
2023-04-05,23.851802825927734
2023-04-06,24.874542236328125
2023-04-10,25.283639907836914
2023-04-11,25.546630859375
2023-04-12,25.838842391967773
2023-04-13,25.517410278320312
2023-04-14,25.495494842529297
2023-04-17,25.27633285522461
2023-04-18,25.283639907836914
2023-04-19,25.2617244720459
2023-04-20,25.393217086791992
2023-04-24,25.239805221557617
2023-04-25,25.385915756225586
2023-04-26,25.40052604675293
2023-04-27,25.10100746154785
2023-04-28,25.064483642578125
2023-05-02,24.998733520507812
2023-05-03,24.487363815307617
2023-05-04,24.195148468017578
2023-05-05,24.458141326904297
2023-05-08,24.421613693237305
2023-05-09,24.626163482666016
2023-05-10,24.69190788269043
2023-05-11,24.81610107421875
2023-05-12,24.954898834228516
2023-05-15,23.479232788085938
2023-05-16,23.48653793334961
2023-05-17,23.355039596557617
2023-05-18,22.88019561767578
2023-05-19,22.57337188720703
2023-05-22,22.59528923034668
2023-05-23,22.47840690612793
2023-05-24,22.91672706604004
2023-05-25,23.238155364990234
2023-05-26,23.303903579711914
2023-05-29,23.442705154418945
2023-05-30,23.15049171447754
2023-05-31,22.59528923034668
2023-06-01,22.295772552490234
2023-06-02,22.63912010192871
2023-06-05,22.67564582824707
2023-06-06,22.63912010192871
2023-06-07,22.63912010192871
2023-06-09,22.69756317138672
2023-06-12,22.522235870361328
2023-06-13,22.36151885986328
2023-06-14,22.303077697753906
2023-06-15,22.339603424072266
2023-06-16,22.24463653564453
2023-06-19,22.098527908325195
2023-06-20,22.08391761779785
2023-06-21,22.164278030395508
2023-06-22,22.200801849365234
2023-06-23,22.34691047668457
2023-06-26,21.69673728942871
2023-06-27,21.99625587463379
2023-06-28,22.31038475036621
2023-06-29,22.48571014404297
2023-06-30,22.47840690612793
2023-07-03,23.018997192382812
2023-07-04,23.106660842895508
2023-07-05,23.018997192382812
2023-07-06,22.836366653442383
2023-07-07,22.88019561767578
2023-07-10,22.777921676635742
2023-07-11,22.719480514526367
2023-07-12,22.45648765563965
2023-07-13,22.398046493530273
2023-07-14,22.237329483032227
2023-07-17,22.266551971435547
2023-07-18,22.0108642578125
2023-07-19,22.047391891479492
2023-07-20,22.434572219848633
2023-07-21,22.682952880859375
2023-07-24,22.989774703979492
2023-07-25,22.785228729248047
2023-07-26,22.93863868713379
2023-07-27,22.55145835876465
2023-07-28,22.84366798400879
2023-07-31,22.73409080505371
2023-08-01,22.836366653442383
2023-08-02,22.850976943969727
2023-08-03,22.88019561767578
2023-08-04,23.018997192382812
2023-08-07,23.56689453125
2023-08-08,23.413482666015625
2023-08-09,23.49384117126465
2023-08-10,23.559587478637695
2023-08-11,23.720306396484375
2023-08-14,23.939464569091797
2023-08-15,23.77874755859375
2023-08-16,23.771442413330078
2023-08-17,22.79363441467285
2023-08-18,22.962705612182617
2023-08-21,22.970388412475586
2023-08-22,23.024185180664062
2023-08-23,23.170198440551758
2023-08-24,23.31621551513672
2023-08-25,23.31621551513672
2023-08-28,23.63898277282715
2023-08-29,23.861846923828125
2023-08-30,23.66204071044922
2023-08-31,23.346954345703125
2023-09-01,23.846477508544922
2023-09-04,24.115449905395508
2023-09-05,24.0693416595459
2023-09-06,23.89258575439453
2023-09-08,23.907957077026367
2023-09-11,24.43053436279297
2023-09-12,24.553495407104492
2023-09-13,24.530437469482422
2023-09-14,24.361370086669922
2023-09-15,24.315261840820312
2023-09-18,24.46895980834961
2023-09-19,24.34600257873535
2023-09-20,24.74561882019043
2023-09-21,24.407480239868164
2023-09-22,24.39211082458496
2023-09-25,24.614973068237305
2023-09-26,24.461273193359375
2023-09-27,24.184614181518555
2023-09-28,24.361370086669922
2023-09-29,23.984806060791016
2023-10-02,24.545808792114258
2023-10-03,24.60729217529297
2023-10-04,24.74561882019043
2023-10-05,24.545808792114258
2023-10-06,24.645713806152344
2023-10-09,24.499698638916016
2023-10-10,24.307575225830078
2023-10-11,24.399795532226562
2023-10-13,24.053970336914062
2023-10-16,24.353687286376953
2023-10-17,24.292205810546875
2023-10-18,24.507383346557617
2023-10-19,24.484329223632812
2023-10-20,24.161561965942383
2023-10-23,24.100082397460938
2023-10-24,24.130823135375977
2023-10-25,24.03091812133789
2023-10-26,24.077024459838867
2023-10-27,23.784997940063477
2023-10-30,23.477598190307617
2023-10-31,23.63898277282715
2023-11-01,23.984806060791016
2023-11-03,24.169246673583984
2023-11-06,24.415164947509766
2023-11-07,24.51506996154785
2023-11-08,24.51506996154785
2023-11-09,24.053970336914062
2023-11-10,24.053970336914062
2023-11-13,24.146190643310547
2023-11-14,24.322946548461914
2023-11-16,24.69951057434082
2023-11-17,24.422849655151367
2023-11-20,24.576549530029297
2023-11-21,24.522754669189453
2023-11-22,24.614973068237305
2023-11-23,24.66876983642578
2023-11-24,24.522754669189453
2023-11-27,24.369056701660156
2023-11-28,24.445903778076172
2023-11-29,24.169246673583984
2023-11-30,24.053970336914062
2023-12-01,23.746572494506836
2023-12-04,23.685094833374023
2023-12-05,23.59287452697754
2023-12-06,23.577503204345703
2023-12-07,23.900272369384766
2023-12-08,23.907957077026367
2023-12-11,23.96175193786621
2023-12-12,23.984806060791016
2023-12-13,23.861846923828125
2023-12-14,24.315261840820312
2023-12-15,24.645713806152344
2023-12-18,24.999221801757812
2023-12-19,25.644760131835938
2023-12-20,25.475690841674805
2023-12-21,25.475690841674805
2023-12-22,25.637075424194336
2023-12-26,25.829198837280273
2023-12-27,25.65244483947754
2023-12-28,25.859941482543945
2024-01-02,26.04438018798828
2024-01-03,25.929107666015625
2024-01-04,26.113544464111328
2024-01-05,25.882993698120117
2024-01-08,25.760038375854492
2024-01-09,25.667818069458008
2024-01-10,25.506431579589844
2024-01-11,25.57559585571289
2024-01-12,25.621707916259766
2024-01-15,25.890676498413086
2024-01-16,25.72929573059082
2024-01-17,26.059751510620117
2024-01-18,26.42094612121582
2024-01-19,26.551584243774414
2024-01-22,26.613069534301758
2024-01-23,26.520845413208008
2024-01-24,26.3133544921875
2024-01-25,25.929107666015625
2024-01-26,25.921417236328125
2024-01-29,26.19808006286621
2024-01-30,25.998273849487305
2024-01-31,26.321041107177734
2024-02-01,26.367151260375977
2024-02-02,26.19808006286621
2024-02-05,26.551584243774414
2024-02-06,27.281660079956055
2024-02-07,27.542949676513672
2024-02-08,26.513164520263672
2024-02-09,26.15524673461914
2024-02-14,26.266918182373047
2024-02-15,26.33072853088379
2024-02-16,26.05154800415039
2024-02-19,26.139291763305664
2024-02-20,26.41049575805664
2024-02-21,26.24298667907715
2024-02-22,26.609909057617188
2024-02-23,26.36263656616211
2024-02-26,26.378589630126953
2024-02-27,26.49026107788086
2024-02-28,26.761465072631836
2024-02-29,26.593955993652344
2024-03-01,26.25893783569336
2024-03-04,26.25096321105957
2024-03-05,26.211082458496094
2024-03-06,26.08345603942871
2024-03-07,26.24298667907715
2024-03-08,26.15524673461914
2024-03-11,26.187150955200195
2024-03-12,26.274890899658203
2024-03-13,26.227035522460938
2024-03-14,26.41049575805664
2024-03-15,26.538122177124023
2024-03-18,26.53014373779297
2024-03-19,26.23501205444336
2024-03-20,26.211082458496094
2024-03-21,25.612836837768555
2024-03-22,25.79629898071289
2024-03-25,25.485212326049805
2024-03-26,25.620813369750977
2024-03-27,26.0914306640625
2024-03-28,25.939876556396484
2024-04-01,26.067502975463867
2024-04-02,26.059524536132812
2024-04-03,25.87606430053711
2024-04-04,26.05154800415039
2024-04-05,26.29084587097168
2024-04-08,26.466333389282227
2024-04-09,26.65777015686035
2024-04-10,26.378589630126953
2024-04-11,26.625864028930664
2024-04-12,26.298824310302734
2024-04-15,26.33072853088379
2024-04-16,26.187150955200195
2024-04-17,26.298824310302734
2024-04-18,26.043575286865234
2024-04-19,26.29084587097168
2024-04-22,26.274890899658203
2024-04-23,25.92392349243164
2024-04-24,25.6048583984375
2024-04-25,25.51711654663086
2024-04-26,25.596881866455078
2024-04-29,25.75641632080078
2024-04-30,25.68462562561035
2024-05-02,25.860109329223633
2024-05-03,26.195127487182617
2024-05-06,26.53014373779297
2024-05-07,26.16322135925293
2024-05-08,26.019641876220703
2024-05-09,26.019641876220703
2024-05-10,26.426448822021484
2024-05-13,26.801347732543945
2024-05-14,27.120410919189453
2024-05-15,27.311853408813477
2024-05-16,27.479360580444336
2024-05-17,27.256013870239258
2024-05-20,26.881114959716797
2024-05-21,27.064577102661133
2024-05-22,26.609909057617188
2024-05-23,26.498239517211914
2024-05-24,26.075475692749023
2024-05-27,26.211082458496094
2024-05-28,25.85213279724121
2024-05-29,26.00368881225586
2024-05-31,25.76439094543457
2024-06-03,25.66867446899414
2024-06-04,25.99571418762207
2024-06-05,26.147268295288086
2024-06-06,26.28287124633789
2024-06-07,26.075475692749023
2024-06-10,26.019641876220703
2024-06-11,26.147268295288086
2024-06-12,25.899993896484375
2024-06-13,25.931900024414062
2024-06-14,25.892017364501953
2024-06-17,25.836181640625
2024-06-18,25.88404083251953
2024-06-19,25.979761123657227
2024-06-20,26.0914306640625
2024-06-21,26.24298667907715
2024-06-24,26.825281143188477
2024-06-25,26.665746688842773
2024-06-26,26.28287124633789
2024-06-27,26.147268295288086
2024-06-28,26.266918182373047
2024-07-01,26.179176330566406
2024-07-02,26.187150955200195
2024-07-03,26.298824310302734
2024-07-04,26.45037841796875
2024-07-05,26.45835304260254
2024-07-08,26.474306106567383
2024-07-09,26.522171020507812
2024-07-10,26.5780029296875
2024-07-11,26.761465072631836
2024-07-12,27.088504791259766
2024-07-15,27.152320861816406
2024-07-16,27.287918090820312
2024-07-17,27.495311737060547
2024-07-18,27.42352294921875
2024-07-19,27.200178146362305
2024-07-22,27.479360580444336
2024-07-23,27.24803924560547
2024-07-24,27.279943466186523
2024-07-25,27.200178146362305
2024-07-26,27.59900665283203
2024-07-29,27.662822723388672
2024-07-30,27.894142150878906
2024-07-31,28.053674697875977
2024-08-01,27.95795249938965
2024-08-02,27.838306427001953
2024-08-05,27.59900665283203
2024-08-06,27.838306427001953
2024-08-07,27.973907470703125
2024-08-08,28.827402114868164
2024-08-09,28.84335708618164
2024-08-12,29.23421287536621
2024-08-13,29.617088317871094
2024-08-14,29.872337341308594
2024-08-15,29.760663986206055
2024-08-16,29.744712829589844
2024-08-19,29.869747161865234
2024-08-20,29.869747161865234
2024-08-21,29.88631820678711
2024-08-22,29.786893844604492
2024-08-23,30.648601531982422
2024-08-26,30.35860252380371
2024-08-27,30.35860252380371
2024-08-28,30.16802978515625
2024-08-29,30.284029006958008
2024-08-30,30.433170318603516
2024-09-02,30.416601181030273
2024-09-03,30.55745506286621
2024-09-04,31.004880905151367
2024-09-05,30.615455627441406
2024-09-06,30.416601181030273
2024-09-09,30.35860252380371
2024-09-10,30.342029571533203
2024-09-11,30.159744262695312
2024-09-12,29.91117286682129
2024-09-13,29.985746383666992
2024-09-16,30.159744262695312
2024-09-17,29.795175552368164
2024-09-18,29.488611221313477
2024-09-19,29.29804039001465
2024-09-20,29.008039474487305
2024-09-23,29.10746955871582
2024-09-24,29.34775161743164
2024-09-25,29.289751052856445
2024-09-26,29.38918113708496
2024-09-27,29.306324005126953
2024-09-30,29.414037704467773
2024-10-01,29.621177673339844
2024-10-02,29.380891799926758
2024-10-03,29.09918212890625
2024-10-04,29.066041946411133
2024-10-07,28.52747344970703
2024-10-08,28.41975975036621
2024-10-09,28.046905517578125
2024-10-10,28.03862190246582
2024-10-11,28.055192947387695
2024-10-14,28.14633560180664
2024-10-15,28.113189697265625
2024-10-16,28.204336166381836
2024-10-17,28.162906646728516
2024-10-18,28.022048950195312
2024-10-21,28.129762649536133
2024-10-22,28.452903747558594
2024-10-23,28.43633270263672
2024-10-24,28.46947479248047
2024-10-25,28.41975975036621
2024-10-28,28.486047744750977
2024-10-29,28.585474014282227
2024-10-30,28.585474014282227
2024-10-31,28.3949031829834
2024-11-01,28.403186798095703
2024-11-04,28.70147132873535
2024-11-05,29.090896606445312
2024-11-06,28.676616668701172
2024-11-07,28.834041595458984
2024-11-08,28.411476135253906
2024-11-11,28.336902618408203
2024-11-12,27.955766677856445
2024-11-13,27.790050506591797
2024-11-14,27.68233871459961
2024-11-18,27.78176498413086
2024-11-19,28.336902618408203
2024-11-21,27.740337371826172
2024-11-22,28.129762649536133
2024-11-25,28.229190826416016
2024-11-26,28.27890396118164
2024-11-27,27.848051071166992
2024-11-28,27.698909759521484
2024-11-29,27.78176498413086
2024-12-02,27.8646240234375
2024-12-03,29.03289794921875
2024-12-04,28.999753952026367
2024-12-05,29.3311824798584
2024-12-06,29.34775161743164
2024-12-09,29.546607971191406
2024-12-10,29.88631820678711
2024-12-11,30.62373924255371
2024-12-12,30.29231834411621
2024-12-13,30.35860252380371
2024-12-16,29.994033813476562
2024-12-17,30.690027236938477
2024-12-18,30.54916763305664
2024-12-19,30.93031120300293
2024-12-20,30.2674560546875
2024-12-23,30.234317779541016
2024-12-26,30.217744827270508
2024-12-27,30.060317993164062
2024-12-30,29.977460861206055
2025-01-02,30.176313400268555
2025-01-03,29.820035934448242
2025-01-06,30.16802978515625
2025-01-07,30.2674560546875
2025-01-08,30.085174560546875
2025-01-09,30.060317993164062
2025-01-10,29.944318771362305
2025-01-13,29.977460861206055
2025-01-14,30.57402801513672
2025-01-15,30.946880340576172
2025-01-16,30.988311767578125
2025-01-17,31.344594955444336
2025-01-20,31.4025936126709
2025-01-21,31.427448272705078
2025-01-22,31.659446716308594
2025-01-23,31.50202178955078
2025-01-24,31.344594955444336
2025-01-27,31.957727432250977
2025-01-28,32.3388671875
2025-01-29,32.11515808105469
2025-01-30,31.974300384521484
2025-01-31,31.932872772216797
2025-02-03,32.3388671875
2025-02-04,32.30572509765625
2025-02-05,32.537723541259766
2025-02-06,32.91886520385742
2025-02-07,32.562583923339844
2025-02-10,32.85258102416992
2025-02-11,32.35544204711914
2025-02-12,32.4134407043457
2025-02-13,31.891450881958008
2025-02-14,32.2145881652832
2025-02-17,31.485448837280273
2025-02-18,32.89400863647461
2025-02-19,32.927154541015625
2025-02-20,33.02657699584961
2025-02-21,32.578033447265625
2025-02-24,32.98273468017578
2025-02-25,32.93873977661133
2025-02-26,33.017921447753906
2025-02-27,33.82731628417969
2025-02-28,33.290653228759766
2025-03-05,34.04726028442383
2025-03-06,34.35517883300781
2025-03-07,34.32878494262695
2025-03-10,34.25840377807617
2025-03-11,33.94168472290039
2025-03-12,33.932884216308594
2025-03-13,34.45195388793945
2025-03-14,35.02381134033203
2025-03-17,35.19096374511719
2025-03-18,35.5252799987793
2025-03-19,35.393314361572266
2025-03-20,35.6396484375
2025-03-21,35.46369552612305
2025-03-24,35.208560943603516
2025-03-25,35.07659149169922
2025-03-26,35.305335998535156
2025-03-27,35.5252799987793
2025-03-28,35.41970443725586
2025-03-31,35.45489501953125
2025-04-01,36.2466926574707
2025-04-02,35.60445785522461
2025-04-03,36.237892150878906
2025-04-04,35.41090774536133
2025-04-07,35.25254821777344
2025-04-08,35.58686447143555
2025-04-09,35.885986328125
2025-04-10,34.891841888427734
2025-04-11,35.17336654663086
2025-04-14,35.44609832763672
2025-04-15,35.72762680053711
2025-04-16,35.58686447143555
2025-04-17,35.84199905395508
2025-04-22,35.98276138305664
2025-04-23,36.229095458984375
2025-04-24,36.61619567871094
2025-04-25,36.99449920654297
2025-04-28,37.32001876831055
2025-04-29,36.80095291137695
2025-04-30,37.6279411315918
2025-05-02,37.082481384277344
2025-05-05,36.897727966308594
2025-05-06,34.15283203125
2025-05-07,34.495941162109375
2025-05-08,33.59857177734375
2025-05-09,33.721744537353516
2025-05-12,33.36983108520508
2025-05-13,33.69534683227539
2025-05-14,33.88010025024414
2025-05-15,33.88010025024414
2025-05-16,33.24666213989258
2025-05-19,33.63376235961914
2025-05-20,33.77452850341797
2025-05-21,33.52819061279297
2025-05-22,33.22026824951172
2025-05-23,33.51939392089844
2025-05-26,33.39622497558594
2025-05-27,33.721744537353516
2025-05-28,33.57217788696289
2025-05-29,33.36983108520508
2025-05-30,33.00032424926758
2025-06-02,32.5428466796875
2025-06-03,32.24372482299805
2025-06-04,31.6718692779541
2025-06-05,31.935800552368164
2025-06-06,32.05896759033203
2025-06-09,31.91820526123047
2025-06-10,31.23198127746582
2025-06-11,30.906465530395508
2025-06-12,31.047229766845703
2025-06-13,31.24077796936035
2025-06-16,31.513507843017578
2025-06-17,31.24957847595215
2025-06-18,31.258371353149414
2025-06-20,30.95924949645996
2025-06-23,31.24077796936035
2025-06-24,31.152801513671875
2025-06-25,30.83608055114746
2025-06-26,30.95924949645996
2025-06-27,30.994441986083984
2025-06-30,31.495914459228516
2025-07-01,32.0501708984375
2025-07-02,31.89181137084961
2025-07-03,32.10295867919922
2025-07-04,32.12055206298828
2025-07-07,31.751049041748047
2025-07-08,31.487117767333984
2025-07-09,30.985645294189453
2025-07-10,31.056026458740234
2025-07-11,30.985645294189453
2025-07-14,31.06482696533203
2025-07-15,30.739307403564453
2025-07-16,30.651329040527344
2025-07-17,30.642532348632812
2025-07-18,30.193849563598633
2025-07-21,30.3170166015625
2025-07-22,29.621994018554688
2025-07-23,29.718769073486328
2025-07-24,29.551612854003906
2025-07-25,29.498825073242188
2025-07-28,29.516420364379883
2025-07-29,29.657184600830078
2025-07-30,29.58680534362793
2025-07-31,29.648387908935547
2025-08-01,29.419645309448242
2025-08-04,29.516420364379883
2025-08-05,29.85073471069336
2025-08-06,30.24663543701172
2025-08-07,30.3170166015625
2025-08-08,30.32581329345703
2025-08-11,30.642532348632812
2025-08-12,30.994441986083984
2025-08-13,30.783296585083008
2025-08-14,31.073619842529297
2025-08-15,30.526304244995117
2025-08-18,30.59147071838379
2025-08-19,29.995655059814453
2025-08-20,29.716365814208984
2025-08-21,29.44638442993164
2025-08-22,29.60464859008789
2025-08-25,29.94910430908203
2025-08-26,30.03289031982422
2025-08-27,30.256324768066406
2025-08-28,30.293563842773438
2025-08-29,30.554231643676758
2025-09-01,30.43320655822754
2025-09-02,29.939796447753906
2025-09-03,29.83738899230957
2025-09-04,29.986343383789062
2025-09-05,30.01427459716797
2025-09-08,30.023582458496094
2025-09-09,30.228395462036133
2025-09-10,30.200464248657227
2025-09-11,30.15391731262207
2025-09-12,29.89324951171875
2025-09-15,29.93048858642578
2025-09-16,30.0887508392334
2025-09-17,30.284252166748047
2025-09-18,30.516992568969727
2025-09-19,30.647327423095703
2025-09-22,30.94523811340332
2025-09-23,31.001094818115234
2025-09-24,30.66594696044922
2025-09-25,30.33080291748047
2025-09-26,30.209775924682617
2025-09-29,30.405277252197266
2025-09-30,30.963855743408203
2025-10-01,31.103500366210938
2025-10-02,30.79628562927246
2025-10-03,30.554231643676758
2025-10-06,30.535612106323242
2025-10-07,30.777664184570312
2025-10-08,30.49837303161621
2025-10-09,30.49837303161621
2025-10-10,30.34941864013672
2025-10-13,30.209775924682617
2025-10-14,30.237703323364258
2025-10-15,29.80014991760254
2025-10-16,29.61395835876465
2025-10-17,29.753602981567383
2025-10-20,29.89324951171875
2025-10-21,29.707056045532227
2025-10-22,29.88393783569336
2025-10-23,29.80014991760254
2025-10-24,29.865320205688477
2025-10-27,29.94910430908203
2025-10-28,30.42389678955078
2025-10-29,30.18184471130371
2025-10-30,30.554231643676758
2025-10-31,30.5821590423584
2025-11-03,30.94523811340332
2025-11-04,31.3176212310791
2025-11-05,31.420028686523438
2025-11-06,31.866891860961914
2025-11-07,31.48519515991211
2025-11-10,31.969297409057617
2025-11-11,31.243146896362305
2025-11-12,30.99178695678711
2025-11-13,31.02902603149414
2025-11-14,31.45726776123047
2025-11-17,31.513124465942383
2025-11-18,31.177980422973633
2025-11-19,31.01971435546875
2025-11-21,30.973167419433594
2025-11-24,31.243146896362305
2025-11-25,31.783103942871094
2025-11-26,32.21134567260742
2025-11-27,32.108943939208984
2025-11-28,31.755176544189453
2025-12-01,32.22065734863281
2025-12-02,32.39754104614258
2025-12-03,32.35099411010742
2025-12-04,32.86302185058594
2025-12-05,32.11825180053711
2025-12-08,32.974735260009766
2025-12-09,32.81647491455078
2025-12-10,32.984046936035156
2025-12-11,32.74199676513672
2025-12-12,33.1516227722168
2025-12-15,33.28195571899414
2025-12-16,32.807167053222656
2025-12-17,32.49994659423828
2025-12-18,32.85371398925781
2025-12-19,32.8350944519043
2025-12-22,32.64889907836914
2025-12-23,33.09576416015625
2025-12-26,33.300575256347656
2025-12-29,33.579864501953125
2025-12-30,33.65434265136719
